Van (datum);Van (tijdstip);Tot (datum);Tot (tijdstip);EAN-code;Meter;Metertype;Register;Volume;Eenheid;Validatiestatus;Calorische bovenwaarde;Omschrijving
27-05-2025;06:00:00;28-05-2025;06:00:00;="541448820043562082";7FLO2121332318;Digitale meter;Afname;0,000;m³;Uitgelezen;;Hoofdverblijf
27-05-2025;06:00:00;28-05-2025;06:00:00;="541448820043562082";7FLO2121332318;Digitale meter;Afname;0,000;kWh;Uitgelezen;Definitief;Hoofdverblijf
28-05-2025;06:00:00;29-05-2025;06:00:00;="541448820043562082";7FLO2121332318;Digitale meter;Afname;0,000;m³;Uitgelezen;;Hoofdverblijf
28-05-2025;06:00:00;29-05-2025;06:00:00;="541448820043562082";7FLO2121332318;Digitale meter;Afname;0,000;kWh;Uitgelezen;Definitief;Hoofdverblijf
29-05-2025;06:00:00;30-05-2025;06:00:00;="541448820043562082";7FLO2121332318;Digitale meter;Afname;0,000;m³;Uitgelezen;;Hoofdverblijf
29-05-2025;06:00:00;30-05-2025;06:00:00;="541448820043562082";7FLO2121332318;Digitale meter;Afname;0,000;kWh;Uitgelezen;Definitief;Hoofdverblijf
30-05-2025;06:00:00;31-05-2025;06:00:00;="541448820043562082";7FLO2121332318;Digitale meter;Afname;0,000;m³;Uitgelezen;;Hoofdverblijf
30-05-2025;06:00:00;31-05-2025;06:00:00;="541448820043562082";7FLO2121332318;Digitale meter;Afname;0,000;kWh;Uitgelezen;Definitief;Hoofdverblijf
31-05-2025;06:00:00;01-06-2025;06:00:00;="541448820043562082";7FLO2121332318;Digitale meter;Afname;0,000;m³;Uitgelezen;;Hoofdverblijf
31-05-2025;06:00:00;01-06-2025;06:00:00;="541448820043562082";7FLO2121332318;Digitale meter;Afname;0,000;kWh;Uitgelezen;Definitief;Hoofdverblijf
01-06-2025;06:00:00;02-06-2025;06:00:00;="541448820043562082";7FLO2121332318;Digitale meter;Afname;0,000;m³;Uitgelezen;;Hoofdverblijf
01-06-2025;06:00:00;02-06-2025;06:00:00;="541448820043562082";7FLO2121332318;Digitale meter;Afname;0,000;kWh;Uitgelezen;Definitief;Hoofdverblijf
02-06-2025;06:00:00;03-06-2025;06:00:00;="541448820043562082";7FLO2121332318;Digitale meter;Afname;0,000;m³;Uitgelezen;;Hoofdverblijf
02-06-2025;06:00:00;03-06-2025;06:00:00;="541448820043562082";7FLO2121332318;Digitale meter;Afname;0,000;kWh;Uitgelezen;Definitief;Hoofdverblijf
03-06-2025;06:00:00;04-06-2025;06:00:00;="541448820043562082";7FLO2121332318;Digitale meter;Afname;0,000;m³;Uitgelezen;;Hoofdverblijf
03-06-2025;06:00:00;04-06-2025;06:00:00;="541448820043562082";7FLO2121332318;Digitale meter;Afname;0,000;kWh;Uitgelezen;Definitief;Hoofdverblijf
04-06-2025;06:00:00;05-06-2025;06:00:00;="541448820043562082";7FLO2121332318;Digitale meter;Afname;0,000;m³;Uitgelezen;;Hoofdverblijf
04-06-2025;06:00:00;05-06-2025;06:00:00;="541448820043562082";7FLO2121332318;Digitale meter;Afname;0,000;kWh;Uitgelezen;Definitief;Hoofdverblijf
05-06-2025;06:00:00;06-06-2025;06:00:00;="541448820043562082";7FLO2121332318;Digitale meter;Afname;0,000;m³;Uitgelezen;;Hoofdverblijf
05-06-2025;06:00:00;06-06-2025;06:00:00;="541448820043562082";7FLO2121332318;Digitale meter;Afname;0,000;kWh;Uitgelezen;Definitief;Hoofdverblijf
06-06-2025;06:00:00;07-06-2025;06:00:00;="541448820043562082";7FLO2121332318;Digitale meter;Afname;0,000;m³;Uitgelezen;;Hoofdverblijf
06-06-2025;06:00:00;07-06-2025;06:00:00;="541448820043562082";7FLO2121332318;Digitale meter;Afname;0,000;kWh;Uitgelezen;Definitief;Hoofdverblijf
07-06-2025;06:00:00;08-06-2025;06:00:00;="541448820043562082";7FLO2121332318;Digitale meter;Afname;0,004;m³;Uitgelezen;;Hoofdverblijf
07-06-2025;06:00:00;08-06-2025;06:00:00;="541448820043562082";7FLO2121332318;Digitale meter;Afname;0,046;kWh;Uitgelezen;Definitief;Hoofdverblijf
08-06-2025;06:00:00;09-06-2025;06:00:00;="541448820043562082";7FLO2121332318;Digitale meter;Afname;0,522;m³;Uitgelezen;;Hoofdverblijf
08-06-2025;06:00:00;09-06-2025;06:00:00;="541448820043562082";7FLO2121332318;Digitale meter;Afname;5,986;kWh;Uitgelezen;Definitief;Hoofdverblijf
09-06-2025;06:00:00;10-06-2025;06:00:00;="541448820043562082";7FLO2121332318;Digitale meter;Afname;0,389;m³;Uitgelezen;;Hoofdverblijf
09-06-2025;06:00:00;10-06-2025;06:00:00;="541448820043562082";7FLO2121332318;Digitale meter;Afname;4,461;kWh;Uitgelezen;Definitief;Hoofdverblijf
10-06-2025;06:00:00;11-06-2025;06:00:00;="541448820043562082";7FLO2121332318;Digitale meter;Afname;0,226;m³;Uitgelezen;;Hoofdverblijf
10-06-2025;06:00:00;11-06-2025;06:00:00;="541448820043562082";7FLO2121332318;Digitale meter;Afname;2,592;kWh;Uitgelezen;Definitief;Hoofdverblijf
11-06-2025;06:00:00;12-06-2025;06:00:00;="541448820043562082";7FLO2121332318;Digitale meter;Afname;0,279;m³;Uitgelezen;;Hoofdverblijf
11-06-2025;06:00:00;12-06-2025;06:00:00;="541448820043562082";7FLO2121332318;Digitale meter;Afname;3,199;kWh;Uitgelezen;Definitief;Hoofdverblijf
12-06-2025;06:00:00;13-06-2025;06:00:00;="541448820043562082";7FLO2121332318;Digitale meter;Afname;0,122;m³;Uitgelezen;;Hoofdverblijf
12-06-2025;06:00:00;13-06-2025;06:00:00;="541448820043562082";7FLO2121332318;Digitale meter;Afname;1,399;kWh;Uitgelezen;Definitief;Hoofdverblijf
13-06-2025;06:00:00;14-06-2025;06:00:00;="541448820043562082";7FLO2121332318;Digitale meter;Afname;0,144;m³;Uitgelezen;;Hoofdverblijf
13-06-2025;06:00:00;14-06-2025;06:00:00;="541448820043562082";7FLO2121332318;Digitale meter;Afname;1,651;kWh;Uitgelezen;Definitief;Hoofdverblijf
14-06-2025;06:00:00;15-06-2025;06:00:00;="541448820043562082";7FLO2121332318;Digitale meter;Afname;0,342;m³;Uitgelezen;;Hoofdverblijf
14-06-2025;06:00:00;15-06-2025;06:00:00;="541448820043562082";7FLO2121332318;Digitale meter;Afname;3,922;kWh;Uitgelezen;Definitief;Hoofdverblijf
15-06-2025;06:00:00;16-06-2025;06:00:00;="541448820043562082";7FLO2121332318;Digitale meter;Afname;0,328;m³;Uitgelezen;;Hoofdverblijf
15-06-2025;06:00:00;16-06-2025;06:00:00;="541448820043562082";7FLO2121332318;Digitale meter;Afname;3,761;kWh;Uitgelezen;Definitief;Hoofdverblijf
16-06-2025;06:00:00;17-06-2025;06:00:00;="541448820043562082";7FLO2121332318;Digitale meter;Afname;0,105;m³;Uitgelezen;;Hoofdverblijf
16-06-2025;06:00:00;17-06-2025;06:00:00;="541448820043562082";7FLO2121332318;Digitale meter;Afname;1,204;kWh;Uitgelezen;Definitief;Hoofdverblijf
17-06-2025;06:00:00;18-06-2025;06:00:00;="541448820043562082";7FLO2121332318;Digitale meter;Afname;0,266;m³;Uitgelezen;;Hoofdverblijf
17-06-2025;06:00:00;18-06-2025;06:00:00;="541448820043562082";7FLO2121332318;Digitale meter;Afname;3,050;kWh;Uitgelezen;Definitief;Hoofdverblijf
18-06-2025;06:00:00;19-06-2025;06:00:00;="541448820043562082";7FLO2121332318;Digitale meter;Afname;0,474;m³;Uitgelezen;;Hoofdverblijf
18-06-2025;06:00:00;19-06-2025;06:00:00;="541448820043562082";7FLO2121332318;Digitale meter;Afname;5,435;kWh;Uitgelezen;Definitief;Hoofdverblijf
19-06-2025;06:00:00;20-06-2025;06:00:00;="541448820043562082";7FLO2121332318;Digitale meter;Afname;0,111;m³;Uitgelezen;;Hoofdverblijf
19-06-2025;06:00:00;20-06-2025;06:00:00;="541448820043562082";7FLO2121332318;Digitale meter;Afname;1,273;kWh;Uitgelezen;Definitief;Hoofdverblijf
20-06-2025;06:00:00;21-06-2025;06:00:00;="541448820043562082";7FLO2121332318;Digitale meter;Afname;0,431;m³;Uitgelezen;;Hoofdverblijf
20-06-2025;06:00:00;21-06-2025;06:00:00;="541448820043562082";7FLO2121332318;Digitale meter;Afname;4,942;kWh;Uitgelezen;Definitief;Hoofdverblijf
21-06-2025;06:00:00;22-06-2025;06:00:00;="541448820043562082";7FLO2121332318;Digitale meter;Afname;0,265;m³;Uitgelezen;;Hoofdverblijf
21-06-2025;06:00:00;22-06-2025;06:00:00;="541448820043562082";7FLO2121332318;Digitale meter;Afname;3,039;kWh;Uitgelezen;Definitief;Hoofdverblijf
22-06-2025;06:00:00;23-06-2025;06:00:00;="541448820043562082";7FLO2121332318;Digitale meter;Afname;0,251;m³;Uitgelezen;;Hoofdverblijf
22-06-2025;06:00:00;23-06-2025;06:00:00;="541448820043562082";7FLO2121332318;Digitale meter;Afname;2,878;kWh;Uitgelezen;Definitief;Hoofdverblijf
23-06-2025;06:00:00;24-06-2025;06:00:00;="541448820043562082";7FLO2121332318;Digitale meter;Afname;0,300;m³;Uitgelezen;;Hoofdverblijf
23-06-2025;06:00:00;24-06-2025;06:00:00;="541448820043562082";7FLO2121332318;Digitale meter;Afname;3,440;kWh;Uitgelezen;Definitief;Hoofdverblijf
24-06-2025;06:00:00;25-06-2025;06:00:00;="541448820043562082";7FLO2121332318;Digitale meter;Afname;0,258;m³;Uitgelezen;;Hoofdverblijf
24-06-2025;06:00:00;25-06-2025;06:00:00;="541448820043562082";7FLO2121332318;Digitale meter;Afname;2,959;kWh;Uitgelezen;Definitief;Hoofdverblijf
25-06-2025;06:00:00;26-06-2025;06:00:00;="541448820043562082";7FLO2121332318;Digitale meter;Afname;0,336;m³;Uitgelezen;;Hoofdverblijf
25-06-2025;06:00:00;26-06-2025;06:00:00;="541448820043562082";7FLO2121332318;Digitale meter;Afname;3,853;kWh;Uitgelezen;Definitief;Hoofdverblijf
26-06-2025;06:00:00;27-06-2025;06:00:00;="541448820043562082";7FLO2121332318;Digitale meter;Afname;0,356;m³;Uitgelezen;;Hoofdverblijf
26-06-2025;06:00:00;27-06-2025;06:00:00;="541448820043562082";7FLO2121332318;Digitale meter;Afname;4,082;kWh;Uitgelezen;Definitief;Hoofdverblijf
27-06-2025;06:00:00;28-06-2025;06:00:00;="541448820043562082";7FLO2121332318;Digitale meter;Afname;0,507;m³;Uitgelezen;;Hoofdverblijf
27-06-2025;06:00:00;28-06-2025;06:00:00;="541448820043562082";7FLO2121332318;Digitale meter;Afname;5,814;kWh;Uitgelezen;Definitief;Hoofdverblijf
28-06-2025;06:00:00;29-06-2025;06:00:00;="541448820043562082";7FLO2121332318;Digitale meter;Afname;0,383;m³;Uitgelezen;;Hoofdverblijf
28-06-2025;06:00:00;29-06-2025;06:00:00;="541448820043562082";7FLO2121332318;Digitale meter;Afname;4,392;kWh;Uitgelezen;Definitief;Hoofdverblijf
29-06-2025;06:00:00;30-06-2025;06:00:00;="541448820043562082";7FLO2121332318;Digitale meter;Afname;0,274;m³;Uitgelezen;;Hoofdverblijf
29-06-2025;06:00:00;30-06-2025;06:00:00;="541448820043562082";7FLO2121332318;Digitale meter;Afname;3,142;kWh;Uitgelezen;Definitief;Hoofdverblijf
30-06-2025;06:00:00;01-07-2025;06:00:00;="541448820043562082";7FLO2121332318;Digitale meter;Afname;0,441;m³;Uitgelezen;;Hoofdverblijf
30-06-2025;06:00:00;01-07-2025;06:00:00;="541448820043562082";7FLO2121332318;Digitale meter;Afname;5,057;kWh;Uitgelezen;Definitief;Hoofdverblijf
01-07-2025;06:00:00;02-07-2025;06:00:00;="541448820043562082";7FLO2121332318;Digitale meter;Afname;0,331;m³;Uitgelezen;;Hoofdverblijf
01-07-2025;06:00:00;02-07-2025;06:00:00;="541448820043562082";7FLO2121332318;Digitale meter;Afname;3,787;kWh;Uitgelezen;Definitief;Hoofdverblijf
02-07-2025;06:00:00;03-07-2025;06:00:00;="541448820043562082";7FLO2121332318;Digitale meter;Afname;0,168;m³;Uitgelezen;;Hoofdverblijf
02-07-2025;06:00:00;03-07-2025;06:00:00;="541448820043562082";7FLO2121332318;Digitale meter;Afname;1,922;kWh;Uitgelezen;Definitief;Hoofdverblijf
03-07-2025;06:00:00;04-07-2025;06:00:00;="541448820043562082";7FLO2121332318;Digitale meter;Afname;0,089;m³;Uitgelezen;;Hoofdverblijf
03-07-2025;06:00:00;04-07-2025;06:00:00;="541448820043562082";7FLO2121332318;Digitale meter;Afname;1,018;kWh;Uitgelezen;Definitief;Hoofdverblijf
04-07-2025;06:00:00;05-07-2025;06:00:00;="541448820043562082";7FLO2121332318;Digitale meter;Afname;0,089;m³;Uitgelezen;;Hoofdverblijf
04-07-2025;06:00:00;05-07-2025;06:00:00;="541448820043562082";7FLO2121332318;Digitale meter;Afname;1,018;kWh;Uitgelezen;Definitief;Hoofdverblijf
05-07-2025;06:00:00;06-07-2025;06:00:00;="541448820043562082";7FLO2121332318;Digitale meter;Afname;0,103;m³;Uitgelezen;;Hoofdverblijf
05-07-2025;06:00:00;06-07-2025;06:00:00;="541448820043562082";7FLO2121332318;Digitale meter;Afname;1,178;kWh;Uitgelezen;Definitief;Hoofdverblijf
06-07-2025;06:00:00;07-07-2025;06:00:00;="541448820043562082";7FLO2121332318;Digitale meter;Afname;0,458;m³;Uitgelezen;;Hoofdverblijf
06-07-2025;06:00:00;07-07-2025;06:00:00;="541448820043562082";7FLO2121332318;Digitale meter;Afname;5,240;kWh;Uitgelezen;Definitief;Hoofdverblijf
07-07-2025;06:00:00;08-07-2025;06:00:00;="541448820043562082";7FLO2121332318;Digitale meter;Afname;0,302;m³;Uitgelezen;;Hoofdverblijf
07-07-2025;06:00:00;08-07-2025;06:00:00;="541448820043562082";7FLO2121332318;Digitale meter;Afname;3,455;kWh;Uitgelezen;Definitief;Hoofdverblijf
08-07-2025;06:00:00;09-07-2025;06:00:00;="541448820043562082";7FLO2121332318;Digitale meter;Afname;0,442;m³;Uitgelezen;;Hoofdverblijf
08-07-2025;06:00:00;09-07-2025;06:00:00;="541448820043562082";7FLO2121332318;Digitale meter;Afname;5,057;kWh;Uitgelezen;Definitief;Hoofdverblijf
09-07-2025;06:00:00;10-07-2025;06:00:00;="541448820043562082";7FLO2121332318;Digitale meter;Afname;0,307;m³;Uitgelezen;;Hoofdverblijf
09-07-2025;06:00:00;10-07-2025;06:00:00;="541448820043562082";7FLO2121332318;Digitale meter;Afname;3,513;kWh;Uitgelezen;Definitief;Hoofdverblijf
10-07-2025;06:00:00;11-07-2025;06:00:00;="541448820043562082";7FLO2121332318;Digitale meter;Afname;0,287;m³;Uitgelezen;;Hoofdverblijf
10-07-2025;06:00:00;11-07-2025;06:00:00;="541448820043562082";7FLO2121332318;Digitale meter;Afname;3,284;kWh;Uitgelezen;Definitief;Hoofdverblijf
11-07-2025;06:00:00;12-07-2025;06:00:00;="541448820043562082";7FLO2121332318;Digitale meter;Afname;0,416;m³;Uitgelezen;;Hoofdverblijf
11-07-2025;06:00:00;12-07-2025;06:00:00;="541448820043562082";7FLO2121332318;Digitale meter;Afname;4,760;kWh;Uitgelezen;Definitief;Hoofdverblijf
12-07-2025;06:00:00;13-07-2025;06:00:00;="541448820043562082";7FLO2121332318;Digitale meter;Afname;0,335;m³;Uitgelezen;;Hoofdverblijf
12-07-2025;06:00:00;13-07-2025;06:00:00;="541448820043562082";7FLO2121332318;Digitale meter;Afname;3,833;kWh;Uitgelezen;Definitief;Hoofdverblijf
13-07-2025;06:00:00;14-07-2025;06:00:00;="541448820043562082";7FLO2121332318;Digitale meter;Afname;0,371;m³;Uitgelezen;;Hoofdverblijf
13-07-2025;06:00:00;14-07-2025;06:00:00;="541448820043562082";7FLO2121332318;Digitale meter;Afname;4,245;kWh;Uitgelezen;Definitief;Hoofdverblijf
14-07-2025;06:00:00;15-07-2025;06:00:00;="541448820043562082";7FLO2121332318;Digitale meter;Afname;0,191;m³;Uitgelezen;;Hoofdverblijf
14-07-2025;06:00:00;15-07-2025;06:00:00;="541448820043562082";7FLO2121332318;Digitale meter;Afname;2,185;kWh;Uitgelezen;Definitief;Hoofdverblijf
15-07-2025;06:00:00;16-07-2025;06:00:00;="541448820043562082";7FLO2121332318;Digitale meter;Afname;0,192;m³;Uitgelezen;;Hoofdverblijf
15-07-2025;06:00:00;16-07-2025;06:00:00;="541448820043562082";7FLO2121332318;Digitale meter;Afname;2,197;kWh;Uitgelezen;Definitief;Hoofdverblijf
16-07-2025;06:00:00;17-07-2025;06:00:00;="541448820043562082";7FLO2121332318;Digitale meter;Afname;0,298;m³;Uitgelezen;;Hoofdverblijf
16-07-2025;06:00:00;17-07-2025;06:00:00;="541448820043562082";7FLO2121332318;Digitale meter;Afname;3,410;kWh;Uitgelezen;Definitief;Hoofdverblijf
17-07-2025;06:00:00;18-07-2025;06:00:00;="541448820043562082";7FLO2121332318;Digitale meter;Afname;0,246;m³;Uitgelezen;;Hoofdverblijf
17-07-2025;06:00:00;18-07-2025;06:00:00;="541448820043562082";7FLO2121332318;Digitale meter;Afname;2,815;kWh;Uitgelezen;Definitief;Hoofdverblijf
18-07-2025;06:00:00;19-07-2025;06:00:00;="541448820043562082";7FLO2121332318;Digitale meter;Afname;0,280;m³;Uitgelezen;;Hoofdverblijf
18-07-2025;06:00:00;19-07-2025;06:00:00;="541448820043562082";7FLO2121332318;Digitale meter;Afname;3,204;kWh;Uitgelezen;Definitief;Hoofdverblijf
19-07-2025;06:00:00;20-07-2025;06:00:00;="541448820043562082";7FLO2121332318;Digitale meter;Afname;0,453;m³;Uitgelezen;;Hoofdverblijf
19-07-2025;06:00:00;20-07-2025;06:00:00;="541448820043562082";7FLO2121332318;Digitale meter;Afname;5,183;kWh;Uitgelezen;Definitief;Hoofdverblijf
20-07-2025;06:00:00;21-07-2025;06:00:00;="541448820043562082";7FLO2121332318;Digitale meter;Afname;0,226;m³;Uitgelezen;;Hoofdverblijf
20-07-2025;06:00:00;21-07-2025;06:00:00;="541448820043562082";7FLO2121332318;Digitale meter;Afname;2,586;kWh;Uitgelezen;Definitief;Hoofdverblijf
21-07-2025;06:00:00;22-07-2025;06:00:00;="541448820043562082";7FLO2121332318;Digitale meter;Afname;0,431;m³;Uitgelezen;;Hoofdverblijf
21-07-2025;06:00:00;22-07-2025;06:00:00;="541448820043562082";7FLO2121332318;Digitale meter;Afname;4,931;kWh;Uitgelezen;Definitief;Hoofdverblijf
22-07-2025;06:00:00;23-07-2025;06:00:00;="541448820043562082";7FLO2121332318;Digitale meter;Afname;0,162;m³;Uitgelezen;;Hoofdverblijf
22-07-2025;06:00:00;23-07-2025;06:00:00;="541448820043562082";7FLO2121332318;Digitale meter;Afname;1,854;kWh;Uitgelezen;Definitief;Hoofdverblijf
23-07-2025;06:00:00;24-07-2025;06:00:00;="541448820043562082";7FLO2121332318;Digitale meter;Afname;0,374;m³;Uitgelezen;;Hoofdverblijf
23-07-2025;06:00:00;24-07-2025;06:00:00;="541448820043562082";7FLO2121332318;Digitale meter;Afname;4,279;kWh;Uitgelezen;Definitief;Hoofdverblijf
24-07-2025;06:00:00;25-07-2025;06:00:00;="541448820043562082";7FLO2121332318;Digitale meter;Afname;0,336;m³;Uitgelezen;;Hoofdverblijf
24-07-2025;06:00:00;25-07-2025;06:00:00;="541448820043562082";7FLO2121332318;Digitale meter;Afname;3,844;kWh;Uitgelezen;Definitief;Hoofdverblijf
25-07-2025;06:00:00;26-07-2025;06:00:00;="541448820043562082";7FLO2121332318;Digitale meter;Afname;0,471;m³;Uitgelezen;;Hoofdverblijf
25-07-2025;06:00:00;26-07-2025;06:00:00;="541448820043562082";7FLO2121332318;Digitale meter;Afname;5,389;kWh;Uitgelezen;Definitief;Hoofdverblijf
26-07-2025;06:00:00;27-07-2025;06:00:00;="541448820043562082";7FLO2121332318;Digitale meter;Afname;0,288;m³;Uitgelezen;;Hoofdverblijf
26-07-2025;06:00:00;27-07-2025;06:00:00;="541448820043562082";7FLO2121332318;Digitale meter;Afname;3,295;kWh;Uitgelezen;Definitief;Hoofdverblijf
27-07-2025;06:00:00;28-07-2025;06:00:00;="541448820043562082";7FLO2121332318;Digitale meter;Afname;0,339;m³;Uitgelezen;;Hoofdverblijf
27-07-2025;06:00:00;28-07-2025;06:00:00;="541448820043562082";7FLO2121332318;Digitale meter;Afname;3,879;kWh;Uitgelezen;Definitief;Hoofdverblijf
28-07-2025;06:00:00;29-07-2025;06:00:00;="541448820043562082";7FLO2121332318;Digitale meter;Afname;0,217;m³;Uitgelezen;;Hoofdverblijf
28-07-2025;06:00:00;29-07-2025;06:00:00;="541448820043562082";7FLO2121332318;Digitale meter;Afname;2,483;kWh;Uitgelezen;Definitief;Hoofdverblijf
29-07-2025;06:00:00;30-07-2025;06:00:00;="541448820043562082";7FLO2121332318;Digitale meter;Afname;0,280;m³;Uitgelezen;;Hoofdverblijf
29-07-2025;06:00:00;30-07-2025;06:00:00;="541448820043562082";7FLO2121332318;Digitale meter;Afname;3,204;kWh;Uitgelezen;Definitief;Hoofdverblijf
30-07-2025;06:00:00;31-07-2025;06:00:00;="541448820043562082";7FLO2121332318;Digitale meter;Afname;0,310;m³;Uitgelezen;;Hoofdverblijf
30-07-2025;06:00:00;31-07-2025;06:00:00;="541448820043562082";7FLO2121332318;Digitale meter;Afname;3,547;kWh;Uitgelezen;Definitief;Hoofdverblijf
31-07-2025;06:00:00;01-08-2025;06:00:00;="541448820043562082";7FLO2121332318;Digitale meter;Afname;0,435;m³;Uitgelezen;;Hoofdverblijf
31-07-2025;06:00:00;01-08-2025;06:00:00;="541448820043562082";7FLO2121332318;Digitale meter;Afname;4,977;kWh;Uitgelezen;Definitief;Hoofdverblijf
01-08-2025;06:00:00;02-08-2025;06:00:00;="541448820043562082";7FLO2121332318;Digitale meter;Afname;0,287;m³;Uitgelezen;;Hoofdverblijf
01-08-2025;06:00:00;02-08-2025;06:00:00;="541448820043562082";7FLO2121332318;Digitale meter;Afname;3,274;kWh;Uitgelezen;Definitief;Hoofdverblijf
02-08-2025;06:00:00;03-08-2025;06:00:00;="541448820043562082";7FLO2121332318;Digitale meter;Afname;0,318;m³;Uitgelezen;;Hoofdverblijf
02-08-2025;06:00:00;03-08-2025;06:00:00;="541448820043562082";7FLO2121332318;Digitale meter;Afname;3,627;kWh;Uitgelezen;Definitief;Hoofdverblijf
03-08-2025;06:00:00;04-08-2025;06:00:00;="541448820043562082";7FLO2121332318;Digitale meter;Afname;0,173;m³;Uitgelezen;;Hoofdverblijf
03-08-2025;06:00:00;04-08-2025;06:00:00;="541448820043562082";7FLO2121332318;Digitale meter;Afname;1,973;kWh;Uitgelezen;Definitief;Hoofdverblijf
04-08-2025;06:00:00;05-08-2025;06:00:00;="541448820043562082";7FLO2121332318;Digitale meter;Afname;0,317;m³;Uitgelezen;;Hoofdverblijf
04-08-2025;06:00:00;05-08-2025;06:00:00;="541448820043562082";7FLO2121332318;Digitale meter;Afname;3,616;kWh;Uitgelezen;Definitief;Hoofdverblijf
05-08-2025;06:00:00;06-08-2025;06:00:00;="541448820043562082";7FLO2121332318;Digitale meter;Afname;0,199;m³;Uitgelezen;;Hoofdverblijf
05-08-2025;06:00:00;06-08-2025;06:00:00;="541448820043562082";7FLO2121332318;Digitale meter;Afname;2,270;kWh;Uitgelezen;Definitief;Hoofdverblijf
06-08-2025;06:00:00;07-08-2025;06:00:00;="541448820043562082";7FLO2121332318;Digitale meter;Afname;0,328;m³;Uitgelezen;;Hoofdverblijf
06-08-2025;06:00:00;07-08-2025;06:00:00;="541448820043562082";7FLO2121332318;Digitale meter;Afname;3,741;kWh;Uitgelezen;Definitief;Hoofdverblijf
07-08-2025;06:00:00;08-08-2025;06:00:00;="541448820043562082";7FLO2121332318;Digitale meter;Afname;0,198;m³;Uitgelezen;;Hoofdverblijf
07-08-2025;06:00:00;08-08-2025;06:00:00;="541448820043562082";7FLO2121332318;Digitale meter;Afname;2,259;kWh;Uitgelezen;Definitief;Hoofdverblijf
08-08-2025;06:00:00;09-08-2025;06:00:00;="541448820043562082";7FLO2121332318;Digitale meter;Afname;0,206;m³;Uitgelezen;;Hoofdverblijf
08-08-2025;06:00:00;09-08-2025;06:00:00;="541448820043562082";7FLO2121332318;Digitale meter;Afname;2,350;kWh;Uitgelezen;Definitief;Hoofdverblijf
09-08-2025;06:00:00;10-08-2025;06:00:00;="541448820043562082";7FLO2121332318;Digitale meter;Afname;0,141;m³;Uitgelezen;;Hoofdverblijf
09-08-2025;06:00:00;10-08-2025;06:00:00;="541448820043562082";7FLO2121332318;Digitale meter;Afname;1,608;kWh;Uitgelezen;Definitief;Hoofdverblijf
10-08-2025;06:00:00;11-08-2025;06:00:00;="541448820043562082";7FLO2121332318;Digitale meter;Afname;0,192;m³;Uitgelezen;;Hoofdverblijf
10-08-2025;06:00:00;11-08-2025;06:00:00;="541448820043562082";7FLO2121332318;Digitale meter;Afname;2,190;kWh;Uitgelezen;Definitief;Hoofdverblijf
11-08-2025;06:00:00;12-08-2025;06:00:00;="541448820043562082";7FLO2121332318;Digitale meter;Afname;0,243;m³;Uitgelezen;;Hoofdverblijf
11-08-2025;06:00:00;12-08-2025;06:00:00;="541448820043562082";7FLO2121332318;Digitale meter;Afname;2,772;kWh;Uitgelezen;Definitief;Hoofdverblijf
12-08-2025;06:00:00;13-08-2025;06:00:00;="541448820043562082";7FLO2121332318;Digitale meter;Afname;0,236;m³;Uitgelezen;;Hoofdverblijf
12-08-2025;06:00:00;13-08-2025;06:00:00;="541448820043562082";7FLO2121332318;Digitale meter;Afname;2,692;kWh;Uitgelezen;Definitief;Hoofdverblijf
13-08-2025;06:00:00;14-08-2025;06:00:00;="541448820043562082";7FLO2121332318;Digitale meter;Afname;0,163;m³;Uitgelezen;;Hoofdverblijf
13-08-2025;06:00:00;14-08-2025;06:00:00;="541448820043562082";7FLO2121332318;Digitale meter;Afname;1,859;kWh;Uitgelezen;Definitief;Hoofdverblijf
14-08-2025;06:00:00;15-08-2025;06:00:00;="541448820043562082";7FLO2121332318;Digitale meter;Afname;0,152;m³;Uitgelezen;;Hoofdverblijf
14-08-2025;06:00:00;15-08-2025;06:00:00;="541448820043562082";7FLO2121332318;Digitale meter;Afname;1,734;kWh;Uitgelezen;Definitief;Hoofdverblijf
15-08-2025;06:00:00;16-08-2025;06:00:00;="541448820043562082";7FLO2121332318;Digitale meter;Afname;0,212;m³;Uitgelezen;;Hoofdverblijf
15-08-2025;06:00:00;16-08-2025;06:00:00;="541448820043562082";7FLO2121332318;Digitale meter;Afname;2,418;kWh;Uitgelezen;Definitief;Hoofdverblijf
16-08-2025;06:00:00;17-08-2025;06:00:00;="541448820043562082";7FLO2121332318;Digitale meter;Afname;0,088;m³;Uitgelezen;;Hoofdverblijf
16-08-2025;06:00:00;17-08-2025;06:00:00;="541448820043562082";7FLO2121332318;Digitale meter;Afname;1,004;kWh;Uitgelezen;Definitief;Hoofdverblijf
17-08-2025;06:00:00;18-08-2025;06:00:00;="541448820043562082";7FLO2121332318;Digitale meter;Afname;0,124;m³;Uitgelezen;;Hoofdverblijf
17-08-2025;06:00:00;18-08-2025;06:00:00;="541448820043562082";7FLO2121332318;Digitale meter;Afname;1,414;kWh;Uitgelezen;Definitief;Hoofdverblijf
18-08-2025;06:00:00;19-08-2025;06:00:00;="541448820043562082";7FLO2121332318;Digitale meter;Afname;0,224;m³;Uitgelezen;;Hoofdverblijf
18-08-2025;06:00:00;19-08-2025;06:00:00;="541448820043562082";7FLO2121332318;Digitale meter;Afname;2,555;kWh;Uitgelezen;Definitief;Hoofdverblijf
19-08-2025;06:00:00;20-08-2025;06:00:00;="541448820043562082";7FLO2121332318;Digitale meter;Afname;0,234;m³;Uitgelezen;;Hoofdverblijf
19-08-2025;06:00:00;20-08-2025;06:00:00;="541448820043562082";7FLO2121332318;Digitale meter;Afname;2,669;kWh;Uitgelezen;Definitief;Hoofdverblijf
20-08-2025;06:00:00;21-08-2025;06:00:00;="541448820043562082";7FLO2121332318;Digitale meter;Afname;0,308;m³;Uitgelezen;;Hoofdverblijf
20-08-2025;06:00:00;21-08-2025;06:00:00;="541448820043562082";7FLO2121332318;Digitale meter;Afname;3,513;kWh;Uitgelezen;Definitief;Hoofdverblijf
21-08-2025;06:00:00;22-08-2025;06:00:00;="541448820043562082";7FLO2121332318;Digitale meter;Afname;0,196;m³;Uitgelezen;;Hoofdverblijf
21-08-2025;06:00:00;22-08-2025;06:00:00;="541448820043562082";7FLO2121332318;Digitale meter;Afname;2,236;kWh;Uitgelezen;Definitief;Hoofdverblijf
22-08-2025;06:00:00;23-08-2025;06:00:00;="541448820043562082";7FLO2121332318;Digitale meter;Afname;0,432;m³;Uitgelezen;;Hoofdverblijf
22-08-2025;06:00:00;23-08-2025;06:00:00;="541448820043562082";7FLO2121332318;Digitale meter;Afname;4,928;kWh;Uitgelezen;Definitief;Hoofdverblijf
23-08-2025;06:00:00;24-08-2025;06:00:00;="541448820043562082";7FLO2121332318;Digitale meter;Afname;0,172;m³;Uitgelezen;;Hoofdverblijf
23-08-2025;06:00:00;24-08-2025;06:00:00;="541448820043562082";7FLO2121332318;Digitale meter;Afname;1,962;kWh;Uitgelezen;Definitief;Hoofdverblijf
24-08-2025;06:00:00;25-08-2025;06:00:00;="541448820043562082";7FLO2121332318;Digitale meter;Afname;0,388;m³;Uitgelezen;;Hoofdverblijf
24-08-2025;06:00:00;25-08-2025;06:00:00;="541448820043562082";7FLO2121332318;Digitale meter;Afname;4,426;kWh;Uitgelezen;Definitief;Hoofdverblijf
25-08-2025;06:00:00;26-08-2025;06:00:00;="541448820043562082";7FLO2121332318;Digitale meter;Afname;0,270;m³;Uitgelezen;;Hoofdverblijf
25-08-2025;06:00:00;26-08-2025;06:00:00;="541448820043562082";7FLO2121332318;Digitale meter;Afname;3,080;kWh;Uitgelezen;Definitief;Hoofdverblijf
26-08-2025;06:00:00;27-08-2025;06:00:00;="541448820043562082";7FLO2121332318;Digitale meter;Afname;0,194;m³;Uitgelezen;;Hoofdverblijf
26-08-2025;06:00:00;27-08-2025;06:00:00;="541448820043562082";7FLO2121332318;Digitale meter;Afname;2,213;kWh;Uitgelezen;Definitief;Hoofdverblijf
27-08-2025;06:00:00;28-08-2025;06:00:00;="541448820043562082";7FLO2121332318;Digitale meter;Afname;0,290;m³;Uitgelezen;;Hoofdverblijf
27-08-2025;06:00:00;28-08-2025;06:00:00;="541448820043562082";7FLO2121332318;Digitale meter;Afname;3,308;kWh;Uitgelezen;Definitief;Hoofdverblijf
28-08-2025;06:00:00;29-08-2025;06:00:00;="541448820043562082";7FLO2121332318;Digitale meter;Afname;0,113;m³;Uitgelezen;;Hoofdverblijf
28-08-2025;06:00:00;29-08-2025;06:00:00;="541448820043562082";7FLO2121332318;Digitale meter;Afname;1,289;kWh;Uitgelezen;Definitief;Hoofdverblijf
29-08-2025;06:00:00;30-08-2025;06:00:00;="541448820043562082";7FLO2121332318;Digitale meter;Afname;0,700;m³;Uitgelezen;;Hoofdverblijf
29-08-2025;06:00:00;30-08-2025;06:00:00;="541448820043562082";7FLO2121332318;Digitale meter;Afname;7,985;kWh;Uitgelezen;Definitief;Hoofdverblijf
30-08-2025;06:00:00;31-08-2025;06:00:00;="541448820043562082";7FLO2121332318;Digitale meter;Afname;0,278;m³;Uitgelezen;;Hoofdverblijf
30-08-2025;06:00:00;31-08-2025;06:00:00;="541448820043562082";7FLO2121332318;Digitale meter;Afname;3,171;kWh;Uitgelezen;Definitief;Hoofdverblijf
31-08-2025;06:00:00;01-09-2025;06:00:00;="541448820043562082";7FLO2121332318;Digitale meter;Afname;0,311;m³;Uitgelezen;;Hoofdverblijf
31-08-2025;06:00:00;01-09-2025;06:00:00;="541448820043562082";7FLO2121332318;Digitale meter;Afname;3,547;kWh;Uitgelezen;Definitief;Hoofdverblijf
01-09-2025;06:00:00;02-09-2025;06:00:00;="541448820043562082";7FLO2121332318;Digitale meter;Afname;0,267;m³;Uitgelezen;;Hoofdverblijf
01-09-2025;06:00:00;02-09-2025;06:00:00;="541448820043562082";7FLO2121332318;Digitale meter;Afname;3,044;kWh;Uitgelezen;Definitief;Hoofdverblijf
02-09-2025;06:00:00;03-09-2025;06:00:00;="541448820043562082";7FLO2121332318;Digitale meter;Afname;0,235;m³;Uitgelezen;;Hoofdverblijf
02-09-2025;06:00:00;03-09-2025;06:00:00;="541448820043562082";7FLO2121332318;Digitale meter;Afname;2,679;kWh;Uitgelezen;Definitief;Hoofdverblijf
03-09-2025;06:00:00;04-09-2025;06:00:00;="541448820043562082";7FLO2121332318;Digitale meter;Afname;0,221;m³;Uitgelezen;;Hoofdverblijf
03-09-2025;06:00:00;04-09-2025;06:00:00;="541448820043562082";7FLO2121332318;Digitale meter;Afname;2,519;kWh;Uitgelezen;Definitief;Hoofdverblijf
04-09-2025;06:00:00;05-09-2025;06:00:00;="541448820043562082";7FLO2121332318;Digitale meter;Afname;0,285;m³;Uitgelezen;;Hoofdverblijf
04-09-2025;06:00:00;05-09-2025;06:00:00;="541448820043562082";7FLO2121332318;Digitale meter;Afname;3,249;kWh;Uitgelezen;Definitief;Hoofdverblijf
05-09-2025;06:00:00;06-09-2025;06:00:00;="541448820043562082";7FLO2121332318;Digitale meter;Afname;0,351;m³;Uitgelezen;;Hoofdverblijf
05-09-2025;06:00:00;06-09-2025;06:00:00;="541448820043562082";7FLO2121332318;Digitale meter;Afname;4,002;kWh;Uitgelezen;Definitief;Hoofdverblijf
06-09-2025;06:00:00;07-09-2025;06:00:00;="541448820043562082";7FLO2121332318;Digitale meter;Afname;0,297;m³;Uitgelezen;;Hoofdverblijf
06-09-2025;06:00:00;07-09-2025;06:00:00;="541448820043562082";7FLO2121332318;Digitale meter;Afname;3,386;kWh;Uitgelezen;Definitief;Hoofdverblijf
07-09-2025;06:00:00;08-09-2025;06:00:00;="541448820043562082";7FLO2121332318;Digitale meter;Afname;0,247;m³;Uitgelezen;;Hoofdverblijf
07-09-2025;06:00:00;08-09-2025;06:00:00;="541448820043562082";7FLO2121332318;Digitale meter;Afname;2,816;kWh;Uitgelezen;Definitief;Hoofdverblijf
08-09-2025;06:00:00;09-09-2025;06:00:00;="541448820043562082";7FLO2121332318;Digitale meter;Afname;0,247;m³;Uitgelezen;;Hoofdverblijf
08-09-2025;06:00:00;09-09-2025;06:00:00;="541448820043562082";7FLO2121332318;Digitale meter;Afname;2,816;kWh;Uitgelezen;Definitief;Hoofdverblijf
09-09-2025;06:00:00;10-09-2025;06:00:00;="541448820043562082";7FLO2121332318;Digitale meter;Afname;0,263;m³;Uitgelezen;;Hoofdverblijf
09-09-2025;06:00:00;10-09-2025;06:00:00;="541448820043562082";7FLO2121332318;Digitale meter;Afname;2,998;kWh;Uitgelezen;Definitief;Hoofdverblijf
10-09-2025;06:00:00;11-09-2025;06:00:00;="541448820043562082";7FLO2121332318;Digitale meter;Afname;0,367;m³;Uitgelezen;;Hoofdverblijf
10-09-2025;06:00:00;11-09-2025;06:00:00;="541448820043562082";7FLO2121332318;Digitale meter;Afname;4,184;kWh;Uitgelezen;Definitief;Hoofdverblijf
11-09-2025;06:00:00;12-09-2025;06:00:00;="541448820043562082";7FLO2121332318;Digitale meter;Afname;0,229;m³;Uitgelezen;;Hoofdverblijf
11-09-2025;06:00:00;12-09-2025;06:00:00;="541448820043562082";7FLO2121332318;Digitale meter;Afname;2,611;kWh;Uitgelezen;Definitief;Hoofdverblijf
12-09-2025;06:00:00;13-09-2025;06:00:00;="541448820043562082";7FLO2121332318;Digitale meter;Afname;0,431;m³;Uitgelezen;;Hoofdverblijf
12-09-2025;06:00:00;13-09-2025;06:00:00;="541448820043562082";7FLO2121332318;Digitale meter;Afname;4,914;kWh;Uitgelezen;Definitief;Hoofdverblijf
13-09-2025;06:00:00;14-09-2025;06:00:00;="541448820043562082";7FLO2121332318;Digitale meter;Afname;0,253;m³;Uitgelezen;;Hoofdverblijf
13-09-2025;06:00:00;14-09-2025;06:00:00;="541448820043562082";7FLO2121332318;Digitale meter;Afname;2,884;kWh;Uitgelezen;Definitief;Hoofdverblijf
14-09-2025;06:00:00;15-09-2025;06:00:00;="541448820043562082";7FLO2121332318;Digitale meter;Afname;0,368;m³;Uitgelezen;;Hoofdverblijf
14-09-2025;06:00:00;15-09-2025;06:00:00;="541448820043562082";7FLO2121332318;Digitale meter;Afname;4,195;kWh;Uitgelezen;Definitief;Hoofdverblijf
15-09-2025;06:00:00;16-09-2025;06:00:00;="541448820043562082";7FLO2121332318;Digitale meter;Afname;0,164;m³;Uitgelezen;;Hoofdverblijf
15-09-2025;06:00:00;16-09-2025;06:00:00;="541448820043562082";7FLO2121332318;Digitale meter;Afname;1,870;kWh;Uitgelezen;Definitief;Hoofdverblijf
16-09-2025;06:00:00;17-09-2025;06:00:00;="541448820043562082";7FLO2121332318;Digitale meter;Afname;0,253;m³;Uitgelezen;;Hoofdverblijf
16-09-2025;06:00:00;17-09-2025;06:00:00;="541448820043562082";7FLO2121332318;Digitale meter;Afname;2,884;kWh;Uitgelezen;Definitief;Hoofdverblijf
17-09-2025;06:00:00;18-09-2025;06:00:00;="541448820043562082";7FLO2121332318;Digitale meter;Afname;0,602;m³;Uitgelezen;;Hoofdverblijf
17-09-2025;06:00:00;18-09-2025;06:00:00;="541448820043562082";7FLO2121332318;Digitale meter;Afname;6,863;kWh;Uitgelezen;Definitief;Hoofdverblijf
18-09-2025;06:00:00;19-09-2025;06:00:00;="541448820043562082";7FLO2121332318;Digitale meter;Afname;0,347;m³;Uitgelezen;;Hoofdverblijf
18-09-2025;06:00:00;19-09-2025;06:00:00;="541448820043562082";7FLO2121332318;Digitale meter;Afname;3,956;kWh;Uitgelezen;Definitief;Hoofdverblijf
19-09-2025;06:00:00;20-09-2025;06:00:00;="541448820043562082";7FLO2121332318;Digitale meter;Afname;0,284;m³;Uitgelezen;;Hoofdverblijf
19-09-2025;06:00:00;20-09-2025;06:00:00;="541448820043562082";7FLO2121332318;Digitale meter;Afname;3,238;kWh;Uitgelezen;Definitief;Hoofdverblijf
20-09-2025;06:00:00;21-09-2025;06:00:00;="541448820043562082";7FLO2121332318;Digitale meter;Afname;0,414;m³;Uitgelezen;;Hoofdverblijf
20-09-2025;06:00:00;21-09-2025;06:00:00;="541448820043562082";7FLO2121332318;Digitale meter;Afname;4,720;kWh;Uitgelezen;Definitief;Hoofdverblijf
21-09-2025;06:00:00;22-09-2025;06:00:00;="541448820043562082";7FLO2121332318;Digitale meter;Afname;0,780;m³;Uitgelezen;;Hoofdverblijf
21-09-2025;06:00:00;22-09-2025;06:00:00;="541448820043562082";7FLO2121332318;Digitale meter;Afname;8,892;kWh;Uitgelezen;Definitief;Hoofdverblijf
22-09-2025;06:00:00;23-09-2025;06:00:00;="541448820043562082";7FLO2121332318;Digitale meter;Afname;0,263;m³;Uitgelezen;;Hoofdverblijf
22-09-2025;06:00:00;23-09-2025;06:00:00;="541448820043562082";7FLO2121332318;Digitale meter;Afname;2,998;kWh;Uitgelezen;Definitief;Hoofdverblijf
23-09-2025;06:00:00;24-09-2025;06:00:00;="541448820043562082";7FLO2121332318;Digitale meter;Afname;0,301;m³;Uitgelezen;;Hoofdverblijf
23-09-2025;06:00:00;24-09-2025;06:00:00;="541448820043562082";7FLO2121332318;Digitale meter;Afname;3,432;kWh;Uitgelezen;Definitief;Hoofdverblijf
24-09-2025;06:00:00;25-09-2025;06:00:00;="541448820043562082";7FLO2121332318;Digitale meter;Afname;0,363;m³;Uitgelezen;;Hoofdverblijf
24-09-2025;06:00:00;25-09-2025;06:00:00;="541448820043562082";7FLO2121332318;Digitale meter;Afname;4,138;kWh;Uitgelezen;Definitief;Hoofdverblijf
25-09-2025;06:00:00;26-09-2025;06:00:00;="541448820043562082";7FLO2121332318;Digitale meter;Afname;1,497;m³;Uitgelezen;;Hoofdverblijf
25-09-2025;06:00:00;26-09-2025;06:00:00;="541448820043562082";7FLO2121332318;Digitale meter;Afname;17,066;kWh;Uitgelezen;Definitief;Hoofdverblijf
26-09-2025;06:00:00;27-09-2025;06:00:00;="541448820043562082";7FLO2121332318;Digitale meter;Afname;0,501;m³;Uitgelezen;;Hoofdverblijf
26-09-2025;06:00:00;27-09-2025;06:00:00;="541448820043562082";7FLO2121332318;Digitale meter;Afname;5,712;kWh;Uitgelezen;Definitief;Hoofdverblijf
27-09-2025;06:00:00;28-09-2025;06:00:00;="541448820043562082";7FLO2121332318;Digitale meter;Afname;0,587;m³;Uitgelezen;;Hoofdverblijf
27-09-2025;06:00:00;28-09-2025;06:00:00;="541448820043562082";7FLO2121332318;Digitale meter;Afname;6,692;kWh;Uitgelezen;Definitief;Hoofdverblijf
28-09-2025;06:00:00;29-09-2025;06:00:00;="541448820043562082";7FLO2121332318;Digitale meter;Afname;0,594;m³;Uitgelezen;;Hoofdverblijf
28-09-2025;06:00:00;29-09-2025;06:00:00;="541448820043562082";7FLO2121332318;Digitale meter;Afname;6,772;kWh;Uitgelezen;Definitief;Hoofdverblijf
29-09-2025;06:00:00;30-09-2025;06:00:00;="541448820043562082";7FLO2121332318;Digitale meter;Afname;0,294;m³;Uitgelezen;;Hoofdverblijf
29-09-2025;06:00:00;30-09-2025;06:00:00;="541448820043562082";7FLO2121332318;Digitale meter;Afname;3,352;kWh;Uitgelezen;Definitief;Hoofdverblijf
30-09-2025;06:00:00;01-10-2025;06:00:00;="541448820043562082";7FLO2121332318;Digitale meter;Afname;0,304;m³;Uitgelezen;;Hoofdverblijf
30-09-2025;06:00:00;01-10-2025;06:00:00;="541448820043562082";7FLO2121332318;Digitale meter;Afname;3,466;kWh;Uitgelezen;Definitief;Hoofdverblijf
01-10-2025;06:00:00;02-10-2025;06:00:00;="541448820043562082";7FLO2121332318;Digitale meter;Afname;0,287;m³;Uitgelezen;;Hoofdverblijf
01-10-2025;06:00:00;02-10-2025;06:00:00;="541448820043562082";7FLO2121332318;Digitale meter;Afname;3,271;kWh;Uitgelezen;Definitief;Hoofdverblijf
02-10-2025;06:00:00;03-10-2025;06:00:00;="541448820043562082";7FLO2121332318;Digitale meter;Afname;0,439;m³;Uitgelezen;;Hoofdverblijf
02-10-2025;06:00:00;03-10-2025;06:00:00;="541448820043562082";7FLO2121332318;Digitale meter;Afname;5,004;kWh;Uitgelezen;Definitief;Hoofdverblijf
03-10-2025;06:00:00;04-10-2025;06:00:00;="541448820043562082";7FLO2121332318;Digitale meter;Afname;0,273;m³;Uitgelezen;;Hoofdverblijf
03-10-2025;06:00:00;04-10-2025;06:00:00;="541448820043562082";7FLO2121332318;Digitale meter;Afname;3,112;kWh;Uitgelezen;Definitief;Hoofdverblijf
04-10-2025;06:00:00;05-10-2025;06:00:00;="541448820043562082";7FLO2121332318;Digitale meter;Afname;0,407;m³;Uitgelezen;;Hoofdverblijf
04-10-2025;06:00:00;05-10-2025;06:00:00;="541448820043562082";7FLO2121332318;Digitale meter;Afname;4,639;kWh;Uitgelezen;Definitief;Hoofdverblijf
05-10-2025;06:00:00;06-10-2025;06:00:00;="541448820043562082";7FLO2121332318;Digitale meter;Afname;0,144;m³;Uitgelezen;;Hoofdverblijf
05-10-2025;06:00:00;06-10-2025;06:00:00;="541448820043562082";7FLO2121332318;Digitale meter;Afname;1,641;kWh;Uitgelezen;Definitief;Hoofdverblijf
06-10-2025;06:00:00;07-10-2025;06:00:00;="541448820043562082";7FLO2121332318;Digitale meter;Afname;0,415;m³;Uitgelezen;;Hoofdverblijf
06-10-2025;06:00:00;07-10-2025;06:00:00;="541448820043562082";7FLO2121332318;Digitale meter;Afname;4,730;kWh;Uitgelezen;Definitief;Hoofdverblijf
07-10-2025;06:00:00;08-10-2025;06:00:00;="541448820043562082";7FLO2121332318;Digitale meter;Afname;0,238;m³;Uitgelezen;;Hoofdverblijf
07-10-2025;06:00:00;08-10-2025;06:00:00;="541448820043562082";7FLO2121332318;Digitale meter;Afname;2,713;kWh;Uitgelezen;Definitief;Hoofdverblijf
08-10-2025;06:00:00;09-10-2025;06:00:00;="541448820043562082";7FLO2121332318;Digitale meter;Afname;0,535;m³;Uitgelezen;;Hoofdverblijf
08-10-2025;06:00:00;09-10-2025;06:00:00;="541448820043562082";7FLO2121332318;Digitale meter;Afname;6,098;kWh;Uitgelezen;Definitief;Hoofdverblijf
09-10-2025;06:00:00;10-10-2025;06:00:00;="541448820043562082";7FLO2121332318;Digitale meter;Afname;0,406;m³;Uitgelezen;;Hoofdverblijf
09-10-2025;06:00:00;10-10-2025;06:00:00;="541448820043562082";7FLO2121332318;Digitale meter;Afname;4,628;kWh;Uitgelezen;Definitief;Hoofdverblijf
10-10-2025;06:00:00;11-10-2025;06:00:00;="541448820043562082";7FLO2121332318;Digitale meter;Afname;1,333;m³;Uitgelezen;;Hoofdverblijf
10-10-2025;06:00:00;11-10-2025;06:00:00;="541448820043562082";7FLO2121332318;Digitale meter;Afname;15,195;kWh;Uitgelezen;Definitief;Hoofdverblijf
11-10-2025;06:00:00;12-10-2025;06:00:00;="541448820043562082";7FLO2121332318;Digitale meter;Afname;0,214;m³;Uitgelezen;;Hoofdverblijf
11-10-2025;06:00:00;12-10-2025;06:00:00;="541448820043562082";7FLO2121332318;Digitale meter;Afname;2,439;kWh;Uitgelezen;Definitief;Hoofdverblijf
12-10-2025;06:00:00;13-10-2025;06:00:00;="541448820043562082";7FLO2121332318;Digitale meter;Afname;0,355;m³;Uitgelezen;;Hoofdverblijf
12-10-2025;06:00:00;13-10-2025;06:00:00;="541448820043562082";7FLO2121332318;Digitale meter;Afname;4,047;kWh;Uitgelezen;Definitief;Hoofdverblijf
13-10-2025;06:00:00;14-10-2025;06:00:00;="541448820043562082";7FLO2121332318;Digitale meter;Afname;0,128;m³;Uitgelezen;;Hoofdverblijf
13-10-2025;06:00:00;14-10-2025;06:00:00;="541448820043562082";7FLO2121332318;Digitale meter;Afname;1,459;kWh;Uitgelezen;Definitief;Hoofdverblijf
14-10-2025;06:00:00;15-10-2025;06:00:00;="541448820043562082";7FLO2121332318;Digitale meter;Afname;0,311;m³;Uitgelezen;;Hoofdverblijf
14-10-2025;06:00:00;15-10-2025;06:00:00;="541448820043562082";7FLO2121332318;Digitale meter;Afname;3,545;kWh;Uitgelezen;Definitief;Hoofdverblijf
15-10-2025;06:00:00;16-10-2025;06:00:00;="541448820043562082";7FLO2121332318;Digitale meter;Afname;0,581;m³;Uitgelezen;;Hoofdverblijf
15-10-2025;06:00:00;16-10-2025;06:00:00;="541448820043562082";7FLO2121332318;Digitale meter;Afname;6,623;kWh;Uitgelezen;Definitief;Hoofdverblijf
16-10-2025;06:00:00;17-10-2025;06:00:00;="541448820043562082";7FLO2121332318;Digitale meter;Afname;2,141;m³;Uitgelezen;;Hoofdverblijf
16-10-2025;06:00:00;17-10-2025;06:00:00;="541448820043562082";7FLO2121332318;Digitale meter;Afname;24,405;kWh;Uitgelezen;Definitief;Hoofdverblijf
17-10-2025;06:00:00;18-10-2025;06:00:00;="541448820043562082";7FLO2121332318;Digitale meter;Afname;0,559;m³;Uitgelezen;;Hoofdverblijf
17-10-2025;06:00:00;18-10-2025;06:00:00;="541448820043562082";7FLO2121332318;Digitale meter;Afname;6,372;kWh;Uitgelezen;Definitief;Hoofdverblijf
18-10-2025;06:00:00;19-10-2025;06:00:00;="541448820043562082";7FLO2121332318;Digitale meter;Afname;0,464;m³;Uitgelezen;;Hoofdverblijf
18-10-2025;06:00:00;19-10-2025;06:00:00;="541448820043562082";7FLO2121332318;Digitale meter;Afname;5,289;kWh;Uitgelezen;Definitief;Hoofdverblijf
19-10-2025;06:00:00;20-10-2025;06:00:00;="541448820043562082";7FLO2121332318;Digitale meter;Afname;2,227;m³;Uitgelezen;;Hoofdverblijf
19-10-2025;06:00:00;20-10-2025;06:00:00;="541448820043562082";7FLO2121332318;Digitale meter;Afname;25,385;kWh;Uitgelezen;Definitief;Hoofdverblijf
20-10-2025;06:00:00;21-10-2025;06:00:00;="541448820043562082";7FLO2121332318;Digitale meter;Afname;0,682;m³;Uitgelezen;;Hoofdverblijf
20-10-2025;06:00:00;21-10-2025;06:00:00;="541448820043562082";7FLO2121332318;Digitale meter;Afname;7,774;kWh;Uitgelezen;Definitief;Hoofdverblijf
21-10-2025;06:00:00;22-10-2025;06:00:00;="541448820043562082";7FLO2121332318;Digitale meter;Afname;0,238;m³;Uitgelezen;;Hoofdverblijf
21-10-2025;06:00:00;22-10-2025;06:00:00;="541448820043562082";7FLO2121332318;Digitale meter;Afname;2,713;kWh;Uitgelezen;Definitief;Hoofdverblijf
22-10-2025;06:00:00;23-10-2025;06:00:00;="541448820043562082";7FLO2121332318;Digitale meter;Afname;0,254;m³;Uitgelezen;;Hoofdverblijf
22-10-2025;06:00:00;23-10-2025;06:00:00;="541448820043562082";7FLO2121332318;Digitale meter;Afname;2,895;kWh;Uitgelezen;Definitief;Hoofdverblijf
23-10-2025;06:00:00;24-10-2025;06:00:00;="541448820043562082";7FLO2121332318;Digitale meter;Afname;0,925;m³;Uitgelezen;;Hoofdverblijf
23-10-2025;06:00:00;24-10-2025;06:00:00;="541448820043562082";7FLO2121332318;Digitale meter;Afname;10,544;kWh;Uitgelezen;Definitief;Hoofdverblijf
24-10-2025;06:00:00;25-10-2025;06:00:00;="541448820043562082";7FLO2121332318;Digitale meter;Afname;2,375;m³;Uitgelezen;;Hoofdverblijf
24-10-2025;06:00:00;25-10-2025;06:00:00;="541448820043562082";7FLO2121332318;Digitale meter;Afname;27,072;kWh;Uitgelezen;Definitief;Hoofdverblijf
25-10-2025;06:00:00;26-10-2025;05:00:00;="541448820043562082";7FLO2121332318;Digitale meter;Afname;2,774;m³;Uitgelezen;;Hoofdverblijf
25-10-2025;06:00:00;26-10-2025;05:00:00;="541448820043562082";7FLO2121332318;Digitale meter;Afname;31,620;kWh;Uitgelezen;Definitief;Hoofdverblijf
26-10-2025;06:00:00;27-10-2025;06:00:00;="541448820043562082";7FLO2121332318;Digitale meter;Afname;1,863;m³;Uitgelezen;;Hoofdverblijf
26-10-2025;06:00:00;27-10-2025;06:00:00;="541448820043562082";7FLO2121332318;Digitale meter;Afname;21,236;kWh;Uitgelezen;Definitief;Hoofdverblijf
27-10-2025;06:00:00;28-10-2025;06:00:00;="541448820043562082";7FLO2121332318;Digitale meter;Afname;3,693;m³;Uitgelezen;;Hoofdverblijf
27-10-2025;06:00:00;28-10-2025;06:00:00;="541448820043562082";7FLO2121332318;Digitale meter;Afname;42,096;kWh;Uitgelezen;Definitief;Hoofdverblijf
28-10-2025;06:00:00;29-10-2025;06:00:00;="541448820043562082";7FLO2121332318;Digitale meter;Afname;2,232;m³;Uitgelezen;;Hoofdverblijf
28-10-2025;06:00:00;29-10-2025;06:00:00;="541448820043562082";7FLO2121332318;Digitale meter;Afname;25,442;kWh;Uitgelezen;Definitief;Hoofdverblijf
29-10-2025;06:00:00;30-10-2025;06:00:00;="541448820043562082";7FLO2121332318;Digitale meter;Afname;3,611;m³;Uitgelezen;;Hoofdverblijf
29-10-2025;06:00:00;30-10-2025;06:00:00;="541448820043562082";7FLO2121332318;Digitale meter;Afname;41,161;kWh;Uitgelezen;Definitief;Hoofdverblijf
30-10-2025;06:00:00;31-10-2025;06:00:00;="541448820043562082";7FLO2121332318;Digitale meter;Afname;0,487;m³;Uitgelezen;;Hoofdverblijf
30-10-2025;06:00:00;31-10-2025;06:00:00;="541448820043562082";7FLO2121332318;Digitale meter;Afname;5,551;kWh;Uitgelezen;Definitief;Hoofdverblijf
31-10-2025;06:00:00;01-11-2025;06:00:00;="541448820043562082";7FLO2121332318;Digitale meter;Afname;2,712;m³;Uitgelezen;;Hoofdverblijf
31-10-2025;06:00:00;01-11-2025;06:00:00;="541448820043562082";7FLO2121332318;Digitale meter;Afname;30,913;kWh;Uitgelezen;Definitief;Hoofdverblijf
01-11-2025;06:00:00;02-11-2025;06:00:00;="541448820043562082";7FLO2121332318;Digitale meter;Afname;2,776;m³;Uitgelezen;;Hoofdverblijf
01-11-2025;06:00:00;02-11-2025;06:00:00;="541448820043562082";7FLO2121332318;Digitale meter;Afname;31,668;kWh;Uitgelezen;Definitief;Hoofdverblijf
02-11-2025;06:00:00;03-11-2025;06:00:00;="541448820043562082";7FLO2121332318;Digitale meter;Afname;1,893;m³;Uitgelezen;;Hoofdverblijf
02-11-2025;06:00:00;03-11-2025;06:00:00;="541448820043562082";7FLO2121332318;Digitale meter;Afname;21,595;kWh;Uitgelezen;Definitief;Hoofdverblijf
03-11-2025;06:00:00;04-11-2025;06:00:00;="541448820043562082";7FLO2121332318;Digitale meter;Afname;2,218;m³;Uitgelezen;;Hoofdverblijf
03-11-2025;06:00:00;04-11-2025;06:00:00;="541448820043562082";7FLO2121332318;Digitale meter;Afname;25,302;kWh;Uitgelezen;Definitief;Hoofdverblijf
04-11-2025;06:00:00;05-11-2025;06:00:00;="541448820043562082";7FLO2121332318;Digitale meter;Afname;0,901;m³;Uitgelezen;;Hoofdverblijf
04-11-2025;06:00:00;05-11-2025;06:00:00;="541448820043562082";7FLO2121332318;Digitale meter;Afname;10,278;kWh;Uitgelezen;Definitief;Hoofdverblijf
05-11-2025;06:00:00;06-11-2025;06:00:00;="541448820043562082";7FLO2121332318;Digitale meter;Afname;0,413;m³;Uitgelezen;;Hoofdverblijf
05-11-2025;06:00:00;06-11-2025;06:00:00;="541448820043562082";7FLO2121332318;Digitale meter;Afname;4,711;kWh;Uitgelezen;Definitief;Hoofdverblijf
06-11-2025;06:00:00;07-11-2025;06:00:00;="541448820043562082";7FLO2121332318;Digitale meter;Afname;0,542;m³;Uitgelezen;;Hoofdverblijf
06-11-2025;06:00:00;07-11-2025;06:00:00;="541448820043562082";7FLO2121332318;Digitale meter;Afname;6,183;kWh;Uitgelezen;Definitief;Hoofdverblijf
07-11-2025;06:00:00;08-11-2025;06:00:00;="541448820043562082";7FLO2121332318;Digitale meter;Afname;0,462;m³;Uitgelezen;;Hoofdverblijf
07-11-2025;06:00:00;08-11-2025;06:00:00;="541448820043562082";7FLO2121332318;Digitale meter;Afname;5,270;kWh;Uitgelezen;Definitief;Hoofdverblijf
08-11-2025;06:00:00;09-11-2025;06:00:00;="541448820043562082";7FLO2121332318;Digitale meter;Afname;1,074;m³;Uitgelezen;;Hoofdverblijf
08-11-2025;06:00:00;09-11-2025;06:00:00;="541448820043562082";7FLO2121332318;Digitale meter;Afname;12,252;kWh;Uitgelezen;Definitief;Hoofdverblijf
09-11-2025;06:00:00;10-11-2025;06:00:00;="541448820043562082";7FLO2121332318;Digitale meter;Afname;1,086;m³;Uitgelezen;;Hoofdverblijf
09-11-2025;06:00:00;10-11-2025;06:00:00;="541448820043562082";7FLO2121332318;Digitale meter;Afname;12,389;kWh;Uitgelezen;Definitief;Hoofdverblijf
10-11-2025;06:00:00;11-11-2025;06:00:00;="541448820043562082";7FLO2121332318;Digitale meter;Afname;1,093;m³;Uitgelezen;;Hoofdverblijf
10-11-2025;06:00:00;11-11-2025;06:00:00;="541448820043562082";7FLO2121332318;Digitale meter;Afname;12,469;kWh;Uitgelezen;Definitief;Hoofdverblijf
11-11-2025;06:00:00;12-11-2025;06:00:00;="541448820043562082";7FLO2121332318;Digitale meter;Afname;2,014;m³;Uitgelezen;;Hoofdverblijf
11-11-2025;06:00:00;12-11-2025;06:00:00;="541448820043562082";7FLO2121332318;Digitale meter;Afname;22,975;kWh;Uitgelezen;Definitief;Hoofdverblijf
12-11-2025;06:00:00;13-11-2025;06:00:00;="541448820043562082";7FLO2121332318;Digitale meter;Afname;1,540;m³;Uitgelezen;;Hoofdverblijf
12-11-2025;06:00:00;13-11-2025;06:00:00;="541448820043562082";7FLO2121332318;Digitale meter;Afname;17,568;kWh;Uitgelezen;Definitief;Hoofdverblijf
13-11-2025;06:00:00;14-11-2025;06:00:00;="541448820043562082";7FLO2121332318;Digitale meter;Afname;0,861;m³;Uitgelezen;;Hoofdverblijf
13-11-2025;06:00:00;14-11-2025;06:00:00;="541448820043562082";7FLO2121332318;Digitale meter;Afname;9,822;kWh;Uitgelezen;Definitief;Hoofdverblijf
14-11-2025;06:00:00;15-11-2025;06:00:00;="541448820043562082";7FLO2121332318;Digitale meter;Afname;2,953;m³;Uitgelezen;;Hoofdverblijf
14-11-2025;06:00:00;15-11-2025;06:00:00;="541448820043562082";7FLO2121332318;Digitale meter;Afname;33,687;kWh;Uitgelezen;Definitief;Hoofdverblijf
15-11-2025;06:00:00;16-11-2025;06:00:00;="541448820043562082";7FLO2121332318;Digitale meter;Afname;1,137;m³;Uitgelezen;;Hoofdverblijf
15-11-2025;06:00:00;16-11-2025;06:00:00;="541448820043562082";7FLO2121332318;Digitale meter;Afname;12,971;kWh;Uitgelezen;Definitief;Hoofdverblijf
16-11-2025;06:00:00;17-11-2025;06:00:00;="541448820043562082";7FLO2121332318;Digitale meter;Afname;2,106;m³;Uitgelezen;;Hoofdverblijf
16-11-2025;06:00:00;17-11-2025;06:00:00;="541448820043562082";7FLO2121332318;Digitale meter;Afname;24,025;kWh;Uitgelezen;Definitief;Hoofdverblijf
17-11-2025;06:00:00;18-11-2025;06:00:00;="541448820043562082";7FLO2121332318;Digitale meter;Afname;0,652;m³;Uitgelezen;;Hoofdverblijf
17-11-2025;06:00:00;18-11-2025;06:00:00;="541448820043562082";7FLO2121332318;Digitale meter;Afname;7,438;kWh;Uitgelezen;Definitief;Hoofdverblijf
18-11-2025;06:00:00;19-11-2025;06:00:00;="541448820043562082";7FLO2121332318;Digitale meter;Afname;0,167;m³;Uitgelezen;;Hoofdverblijf
18-11-2025;06:00:00;19-11-2025;06:00:00;="541448820043562082";7FLO2121332318;Digitale meter;Afname;1,905;kWh;Uitgelezen;Definitief;Hoofdverblijf
19-11-2025;06:00:00;20-11-2025;06:00:00;="541448820043562082";7FLO2121332318;Digitale meter;Afname;1,931;m³;Uitgelezen;;Hoofdverblijf
19-11-2025;06:00:00;20-11-2025;06:00:00;="541448820043562082";7FLO2121332318;Digitale meter;Afname;22,028;kWh;Uitgelezen;Definitief;Hoofdverblijf
20-11-2025;06:00:00;21-11-2025;06:00:00;="541448820043562082";7FLO2121332318;Digitale meter;Afname;4,264;m³;Uitgelezen;;Hoofdverblijf
20-11-2025;06:00:00;21-11-2025;06:00:00;="541448820043562082";7FLO2121332318;Digitale meter;Afname;48,643;kWh;Uitgelezen;Definitief;Hoofdverblijf
21-11-2025;06:00:00;22-11-2025;06:00:00;="541448820043562082";7FLO2121332318;Digitale meter;Afname;7,241;m³;Uitgelezen;;Hoofdverblijf
21-11-2025;06:00:00;22-11-2025;06:00:00;="541448820043562082";7FLO2121332318;Digitale meter;Afname;82,604;kWh;Uitgelezen;Definitief;Hoofdverblijf
22-11-2025;06:00:00;23-11-2025;06:00:00;="541448820043562082";7FLO2121332318;Digitale meter;Afname;5,578;m³;Uitgelezen;;Hoofdverblijf
22-11-2025;06:00:00;23-11-2025;06:00:00;="541448820043562082";7FLO2121332318;Digitale meter;Afname;63,633;kWh;Uitgelezen;Definitief;Hoofdverblijf
23-11-2025;06:00:00;24-11-2025;06:00:00;="541448820043562082";7FLO2121332318;Digitale meter;Afname;5,081;m³;Uitgelezen;;Hoofdverblijf
23-11-2025;06:00:00;24-11-2025;06:00:00;="541448820043562082";7FLO2121332318;Digitale meter;Afname;57,963;kWh;Uitgelezen;Definitief;Hoofdverblijf
24-11-2025;06:00:00;25-11-2025;06:00:00;="541448820043562082";7FLO2121332318;Digitale meter;Afname;3,915;m³;Uitgelezen;;Hoofdverblijf
24-11-2025;06:00:00;25-11-2025;06:00:00;="541448820043562082";7FLO2121332318;Digitale meter;Afname;44,661;kWh;Uitgelezen;Definitief;Hoofdverblijf
25-11-2025;06:00:00;26-11-2025;06:00:00;="541448820043562082";7FLO2121332318;Digitale meter;Afname;4,492;m³;Uitgelezen;;Hoofdverblijf
25-11-2025;06:00:00;26-11-2025;06:00:00;="541448820043562082";7FLO2121332318;Digitale meter;Afname;51,244;kWh;Uitgelezen;Definitief;Hoofdverblijf
26-11-2025;06:00:00;27-11-2025;06:00:00;="541448820043562082";7FLO2121332318;Digitale meter;Afname;5,095;m³;Uitgelezen;;Hoofdverblijf
26-11-2025;06:00:00;27-11-2025;06:00:00;="541448820043562082";7FLO2121332318;Digitale meter;Afname;58,123;kWh;Uitgelezen;Definitief;Hoofdverblijf
27-11-2025;06:00:00;28-11-2025;06:00:00;="541448820043562082";7FLO2121332318;Digitale meter;Afname;3,056;m³;Uitgelezen;;Hoofdverblijf
27-11-2025;06:00:00;28-11-2025;06:00:00;="541448820043562082";7FLO2121332318;Digitale meter;Afname;34,862;kWh;Uitgelezen;Definitief;Hoofdverblijf
28-11-2025;06:00:00;29-11-2025;06:00:00;="541448820043562082";7FLO2121332318;Digitale meter;Afname;5,160;m³;Uitgelezen;;Hoofdverblijf
28-11-2025;06:00:00;29-11-2025;06:00:00;="541448820043562082";7FLO2121332318;Digitale meter;Afname;58,864;kWh;Uitgelezen;Definitief;Hoofdverblijf
29-11-2025;06:00:00;30-11-2025;06:00:00;="541448820043562082";7FLO2121332318;Digitale meter;Afname;1,160;m³;Uitgelezen;;Hoofdverblijf
29-11-2025;06:00:00;30-11-2025;06:00:00;="541448820043562082";7FLO2121332318;Digitale meter;Afname;13,233;kWh;Uitgelezen;Definitief;Hoofdverblijf
30-11-2025;06:00:00;01-12-2025;06:00:00;="541448820043562082";7FLO2121332318;Digitale meter;Afname;4,044;m³;Uitgelezen;;Hoofdverblijf
30-11-2025;06:00:00;01-12-2025;06:00:00;="541448820043562082";7FLO2121332318;Digitale meter;Afname;46,133;kWh;Uitgelezen;Definitief;Hoofdverblijf
01-12-2025;06:00:00;02-12-2025;06:00:00;="541448820043562082";7FLO2121332318;Digitale meter;Afname;3,159;m³;Uitgelezen;;Hoofdverblijf
01-12-2025;06:00:00;02-12-2025;06:00:00;="541448820043562082";7FLO2121332318;Digitale meter;Afname;36,140;kWh;Uitgelezen;Definitief;Hoofdverblijf
02-12-2025;06:00:00;03-12-2025;06:00:00;="541448820043562082";7FLO2121332318;Digitale meter;Afname;3,186;m³;Uitgelezen;;Hoofdverblijf
02-12-2025;06:00:00;03-12-2025;06:00:00;="541448820043562082";7FLO2121332318;Digitale meter;Afname;36,449;kWh;Uitgelezen;Definitief;Hoofdverblijf
03-12-2025;06:00:00;04-12-2025;06:00:00;="541448820043562082";7FLO2121332318;Digitale meter;Afname;3,248;m³;Uitgelezen;;Hoofdverblijf
03-12-2025;06:00:00;04-12-2025;06:00:00;="541448820043562082";7FLO2121332318;Digitale meter;Afname;37,158;kWh;Uitgelezen;Definitief;Hoofdverblijf
04-12-2025;06:00:00;05-12-2025;06:00:00;="541448820043562082";7FLO2121332318;Digitale meter;Afname;4,366;m³;Uitgelezen;;Hoofdverblijf
04-12-2025;06:00:00;05-12-2025;06:00:00;="541448820043562082";7FLO2121332318;Digitale meter;Afname;49,949;kWh;Uitgelezen;Definitief;Hoofdverblijf
05-12-2025;06:00:00;06-12-2025;06:00:00;="541448820043562082";7FLO2121332318;Digitale meter;Afname;5,143;m³;Uitgelezen;;Hoofdverblijf
05-12-2025;06:00:00;06-12-2025;06:00:00;="541448820043562082";7FLO2121332318;Digitale meter;Afname;58,838;kWh;Uitgelezen;Definitief;Hoofdverblijf
06-12-2025;06:00:00;07-12-2025;06:00:00;="541448820043562082";7FLO2121332318;Digitale meter;Afname;4,317;m³;Uitgelezen;;Hoofdverblijf
06-12-2025;06:00:00;07-12-2025;06:00:00;="541448820043562082";7FLO2121332318;Digitale meter;Afname;49,388;kWh;Uitgelezen;Definitief;Hoofdverblijf
07-12-2025;06:00:00;08-12-2025;06:00:00;="541448820043562082";7FLO2121332318;Digitale meter;Afname;2,542;m³;Uitgelezen;;Hoofdverblijf
07-12-2025;06:00:00;08-12-2025;06:00:00;="541448820043562082";7FLO2121332318;Digitale meter;Afname;29,082;kWh;Uitgelezen;Definitief;Hoofdverblijf
08-12-2025;06:00:00;09-12-2025;06:00:00;="541448820043562082";7FLO2121332318;Digitale meter;Afname;1,241;m³;Uitgelezen;;Hoofdverblijf
08-12-2025;06:00:00;09-12-2025;06:00:00;="541448820043562082";7FLO2121332318;Digitale meter;Afname;14,198;kWh;Uitgelezen;Definitief;Hoofdverblijf
09-12-2025;06:00:00;10-12-2025;06:00:00;="541448820043562082";7FLO2121332318;Digitale meter;Afname;2,123;m³;Uitgelezen;;Hoofdverblijf
09-12-2025;06:00:00;10-12-2025;06:00:00;="541448820043562082";7FLO2121332318;Digitale meter;Afname;24,288;kWh;Uitgelezen;Definitief;Hoofdverblijf
10-12-2025;06:00:00;11-12-2025;06:00:00;="541448820043562082";7FLO2121332318;Digitale meter;Afname;2,945;m³;Uitgelezen;;Hoofdverblijf
10-12-2025;06:00:00;11-12-2025;06:00:00;="541448820043562082";7FLO2121332318;Digitale meter;Afname;33,692;kWh;Uitgelezen;Definitief;Hoofdverblijf
11-12-2025;06:00:00;12-12-2025;06:00:00;="541448820043562082";7FLO2121332318;Digitale meter;Afname;2,075;m³;Uitgelezen;;Hoofdverblijf
11-12-2025;06:00:00;12-12-2025;06:00:00;="541448820043562082";7FLO2121332318;Digitale meter;Afname;23,739;kWh;Uitgelezen;Definitief;Hoofdverblijf
12-12-2025;06:00:00;13-12-2025;06:00:00;="541448820043562082";7FLO2121332318;Digitale meter;Afname;3,243;m³;Uitgelezen;;Hoofdverblijf
12-12-2025;06:00:00;13-12-2025;06:00:00;="541448820043562082";7FLO2121332318;Digitale meter;Afname;37,101;kWh;Uitgelezen;Definitief;Hoofdverblijf
13-12-2025;06:00:00;14-12-2025;06:00:00;="541448820043562082";7FLO2121332318;Digitale meter;Afname;2,187;m³;Uitgelezen;;Hoofdverblijf
13-12-2025;06:00:00;14-12-2025;06:00:00;="541448820043562082";7FLO2121332318;Digitale meter;Afname;25,020;kWh;Uitgelezen;Definitief;Hoofdverblijf
14-12-2025;06:00:00;15-12-2025;06:00:00;="541448820043562082";7FLO2121332318;Digitale meter;Afname;3,265;m³;Uitgelezen;;Hoofdverblijf
14-12-2025;06:00:00;15-12-2025;06:00:00;="541448820043562082";7FLO2121332318;Digitale meter;Afname;37,353;kWh;Uitgelezen;Definitief;Hoofdverblijf
15-12-2025;06:00:00;16-12-2025;06:00:00;="541448820043562082";7FLO2121332318;Digitale meter;Afname;2,602;m³;Uitgelezen;;Hoofdverblijf
15-12-2025;06:00:00;16-12-2025;06:00:00;="541448820043562082";7FLO2121332318;Digitale meter;Afname;29,768;kWh;Uitgelezen;Definitief;Hoofdverblijf
16-12-2025;06:00:00;17-12-2025;06:00:00;="541448820043562082";7FLO2121332318;Digitale meter;Afname;2,516;m³;Uitgelezen;;Hoofdverblijf
16-12-2025;06:00:00;17-12-2025;06:00:00;="541448820043562082";7FLO2121332318;Digitale meter;Afname;28,784;kWh;Uitgelezen;Definitief;Hoofdverblijf
17-12-2025;06:00:00;18-12-2025;06:00:00;="541448820043562082";7FLO2121332318;Digitale meter;Afname;2,656;m³;Uitgelezen;;Hoofdverblijf
17-12-2025;06:00:00;18-12-2025;06:00:00;="541448820043562082";7FLO2121332318;Digitale meter;Afname;30,386;kWh;Uitgelezen;Definitief;Hoofdverblijf
18-12-2025;06:00:00;19-12-2025;06:00:00;="541448820043562082";7FLO2121332318;Digitale meter;Afname;2,469;m³;Uitgelezen;;Hoofdverblijf
18-12-2025;06:00:00;19-12-2025;06:00:00;="541448820043562082";7FLO2121332318;Digitale meter;Afname;28,246;kWh;Uitgelezen;Definitief;Hoofdverblijf
19-12-2025;06:00:00;20-12-2025;06:00:00;="541448820043562082";7FLO2121332318;Digitale meter;Afname;3,401;m³;Uitgelezen;;Hoofdverblijf
19-12-2025;06:00:00;20-12-2025;06:00:00;="541448820043562082";7FLO2121332318;Digitale meter;Afname;38,909;kWh;Uitgelezen;Definitief;Hoofdverblijf
20-12-2025;06:00:00;21-12-2025;06:00:00;="541448820043562082";7FLO2121332318;Digitale meter;Afname;4,461;m³;Uitgelezen;;Hoofdverblijf
20-12-2025;06:00:00;21-12-2025;06:00:00;="541448820043562082";7FLO2121332318;Digitale meter;Afname;51,036;kWh;Uitgelezen;Definitief;Hoofdverblijf
21-12-2025;06:00:00;22-12-2025;06:00:00;="541448820043562082";7FLO2121332318;Digitale meter;Afname;2,691;m³;Uitgelezen;;Hoofdverblijf
21-12-2025;06:00:00;22-12-2025;06:00:00;="541448820043562082";7FLO2121332318;Digitale meter;Afname;30,786;kWh;Uitgelezen;Definitief;Hoofdverblijf
22-12-2025;06:00:00;23-12-2025;06:00:00;="541448820043562082";7FLO2121332318;Digitale meter;Afname;3,274;m³;Uitgelezen;;Hoofdverblijf
22-12-2025;06:00:00;23-12-2025;06:00:00;="541448820043562082";7FLO2121332318;Digitale meter;Afname;37,456;kWh;Uitgelezen;Definitief;Hoofdverblijf
23-12-2025;06:00:00;24-12-2025;06:00:00;="541448820043562082";7FLO2121332318;Digitale meter;Afname;4,720;m³;Uitgelezen;;Hoofdverblijf
23-12-2025;06:00:00;24-12-2025;06:00:00;="541448820043562082";7FLO2121332318;Digitale meter;Afname;53,999;kWh;Uitgelezen;Definitief;Hoofdverblijf
24-12-2025;06:00:00;25-12-2025;06:00:00;="541448820043562082";7FLO2121332318;Digitale meter;Afname;4,731;m³;Uitgelezen;;Hoofdverblijf
24-12-2025;06:00:00;25-12-2025;06:00:00;="541448820043562082";7FLO2121332318;Digitale meter;Afname;54,125;kWh;Uitgelezen;Definitief;Hoofdverblijf
25-12-2025;06:00:00;26-12-2025;06:00:00;="541448820043562082";7FLO2121332318;Digitale meter;Afname;6,258;m³;Uitgelezen;;Hoofdverblijf
25-12-2025;06:00:00;26-12-2025;06:00:00;="541448820043562082";7FLO2121332318;Digitale meter;Afname;71,594;kWh;Uitgelezen;Definitief;Hoofdverblijf
26-12-2025;06:00:00;27-12-2025;06:00:00;="541448820043562082";7FLO2121332318;Digitale meter;Afname;6,571;m³;Uitgelezen;;Hoofdverblijf
26-12-2025;06:00:00;27-12-2025;06:00:00;="541448820043562082";7FLO2121332318;Digitale meter;Afname;75,175;kWh;Uitgelezen;Definitief;Hoofdverblijf
27-12-2025;06:00:00;28-12-2025;06:00:00;="541448820043562082";7FLO2121332318;Digitale meter;Afname;5,649;m³;Uitgelezen;;Hoofdverblijf
27-12-2025;06:00:00;28-12-2025;06:00:00;="541448820043562082";7FLO2121332318;Digitale meter;Afname;64,627;kWh;Uitgelezen;Definitief;Hoofdverblijf
28-12-2025;06:00:00;29-12-2025;06:00:00;="541448820043562082";7FLO2121332318;Digitale meter;Afname;5,173;m³;Uitgelezen;;Hoofdverblijf
28-12-2025;06:00:00;29-12-2025;06:00:00;="541448820043562082";7FLO2121332318;Digitale meter;Afname;59,181;kWh;Uitgelezen;Definitief;Hoofdverblijf
29-12-2025;06:00:00;30-12-2025;06:00:00;="541448820043562082";7FLO2121332318;Digitale meter;Afname;4,515;m³;Uitgelezen;;Hoofdverblijf
29-12-2025;06:00:00;30-12-2025;06:00:00;="541448820043562082";7FLO2121332318;Digitale meter;Afname;51,654;kWh;Uitgelezen;Definitief;Hoofdverblijf
30-12-2025;06:00:00;31-12-2025;06:00:00;="541448820043562082";7FLO2121332318;Digitale meter;Afname;5,249;m³;Uitgelezen;;Hoofdverblijf
30-12-2025;06:00:00;31-12-2025;06:00:00;="541448820043562082";7FLO2121332318;Digitale meter;Afname;60,051;kWh;Uitgelezen;Definitief;Hoofdverblijf
31-12-2025;06:00:00;01-01-2026;06:00:00;="541448820043562082";7FLO2121332318;Digitale meter;Afname;5,525;m³;Uitgelezen;;Hoofdverblijf
31-12-2025;06:00:00;01-01-2026;06:00:00;="541448820043562082";7FLO2121332318;Digitale meter;Afname;63,208;kWh;Uitgelezen;Definitief;Hoofdverblijf
01-01-2026;06:00:00;02-01-2026;06:00:00;="541448820043562082";7FLO2121332318;Digitale meter;Afname;4,745;m³;Uitgelezen;;Hoofdverblijf
01-01-2026;06:00:00;02-01-2026;06:00:00;="541448820043562082";7FLO2121332318;Digitale meter;Afname;54,704;kWh;Uitgelezen;Definitief;Hoofdverblijf
02-01-2026;06:00:00;03-01-2026;06:00:00;="541448820043562082";7FLO2121332318;Digitale meter;Afname;6,080;m³;Uitgelezen;;Hoofdverblijf
02-01-2026;06:00:00;03-01-2026;06:00:00;="541448820043562082";7FLO2121332318;Digitale meter;Afname;70,095;kWh;Uitgelezen;Definitief;Hoofdverblijf
03-01-2026;06:00:00;04-01-2026;06:00:00;="541448820043562082";7FLO2121332318;Digitale meter;Afname;6,629;m³;Uitgelezen;;Hoofdverblijf
03-01-2026;06:00:00;04-01-2026;06:00:00;="541448820043562082";7FLO2121332318;Digitale meter;Afname;76,424;kWh;Uitgelezen;Definitief;Hoofdverblijf
04-01-2026;06:00:00;05-01-2026;06:00:00;="541448820043562082";7FLO2121332318;Digitale meter;Afname;5,714;m³;Uitgelezen;;Hoofdverblijf
04-01-2026;06:00:00;05-01-2026;06:00:00;="541448820043562082";7FLO2121332318;Digitale meter;Afname;65,876;kWh;Uitgelezen;Definitief;Hoofdverblijf
05-01-2026;06:00:00;06-01-2026;06:00:00;="541448820043562082";7FLO2121332318;Digitale meter;Afname;5,600;m³;Uitgelezen;;Hoofdverblijf
05-01-2026;06:00:00;06-01-2026;06:00:00;="541448820043562082";7FLO2121332318;Digitale meter;Afname;64,561;kWh;Uitgelezen;Definitief;Hoofdverblijf
06-01-2026;06:00:00;07-01-2026;06:00:00;="541448820043562082";7FLO2121332318;Digitale meter;Afname;5,862;m³;Uitgelezen;;Hoofdverblijf
06-01-2026;06:00:00;07-01-2026;06:00:00;="541448820043562082";7FLO2121332318;Digitale meter;Afname;67,582;kWh;Uitgelezen;Definitief;Hoofdverblijf
07-01-2026;06:00:00;08-01-2026;06:00:00;="541448820043562082";7FLO2121332318;Digitale meter;Afname;5,771;m³;Uitgelezen;;Hoofdverblijf
07-01-2026;06:00:00;08-01-2026;06:00:00;="541448820043562082";7FLO2121332318;Digitale meter;Afname;66,533;kWh;Uitgelezen;Definitief;Hoofdverblijf
08-01-2026;06:00:00;09-01-2026;06:00:00;="541448820043562082";7FLO2121332318;Digitale meter;Afname;5,352;m³;Uitgelezen;;Hoofdverblijf
08-01-2026;06:00:00;09-01-2026;06:00:00;="541448820043562082";7FLO2121332318;Digitale meter;Afname;61,702;kWh;Uitgelezen;Definitief;Hoofdverblijf
09-01-2026;06:00:00;10-01-2026;06:00:00;="541448820043562082";7FLO2121332318;Digitale meter;Afname;4,113;m³;Uitgelezen;;Hoofdverblijf
09-01-2026;06:00:00;10-01-2026;06:00:00;="541448820043562082";7FLO2121332318;Digitale meter;Afname;47,418;kWh;Uitgelezen;Definitief;Hoofdverblijf
10-01-2026;06:00:00;11-01-2026;06:00:00;="541448820043562082";7FLO2121332318;Digitale meter;Afname;2,235;m³;Uitgelezen;;Hoofdverblijf
10-01-2026;06:00:00;11-01-2026;06:00:00;="541448820043562082";7FLO2121332318;Digitale meter;Afname;25,767;kWh;Uitgelezen;Definitief;Hoofdverblijf
11-01-2026;06:00:00;12-01-2026;06:00:00;="541448820043562082";7FLO2121332318;Digitale meter;Afname;3,145;m³;Uitgelezen;;Hoofdverblijf
11-01-2026;06:00:00;12-01-2026;06:00:00;="541448820043562082";7FLO2121332318;Digitale meter;Afname;36,258;kWh;Uitgelezen;Definitief;Hoofdverblijf
12-01-2026;06:00:00;13-01-2026;06:00:00;="541448820043562082";7FLO2121332318;Digitale meter;Afname;2,021;m³;Uitgelezen;;Hoofdverblijf
12-01-2026;06:00:00;13-01-2026;06:00:00;="541448820043562082";7FLO2121332318;Digitale meter;Afname;23,300;kWh;Uitgelezen;Definitief;Hoofdverblijf
13-01-2026;06:00:00;14-01-2026;06:00:00;="541448820043562082";7FLO2121332318;Digitale meter;Afname;1,068;m³;Uitgelezen;;Hoofdverblijf
13-01-2026;06:00:00;14-01-2026;06:00:00;="541448820043562082";7FLO2121332318;Digitale meter;Afname;12,313;kWh;Uitgelezen;Definitief;Hoofdverblijf
14-01-2026;06:00:00;15-01-2026;06:00:00;="541448820043562082";7FLO2121332318;Digitale meter;Afname;0,910;m³;Uitgelezen;;Hoofdverblijf
14-01-2026;06:00:00;15-01-2026;06:00:00;="541448820043562082";7FLO2121332318;Digitale meter;Afname;10,491;kWh;Uitgelezen;Definitief;Hoofdverblijf
15-01-2026;06:00:00;16-01-2026;06:00:00;="541448820043562082";7FLO2121332318;Digitale meter;Afname;0,923;m³;Uitgelezen;;Hoofdverblijf
15-01-2026;06:00:00;16-01-2026;06:00:00;="541448820043562082";7FLO2121332318;Digitale meter;Afname;10,641;kWh;Uitgelezen;Definitief;Hoofdverblijf
16-01-2026;06:00:00;17-01-2026;06:00:00;="541448820043562082";7FLO2121332318;Digitale meter;Afname;0,612;m³;Uitgelezen;;Hoofdverblijf
16-01-2026;06:00:00;17-01-2026;06:00:00;="541448820043562082";7FLO2121332318;Digitale meter;Afname;7,056;kWh;Uitgelezen;Definitief;Hoofdverblijf
17-01-2026;06:00:00;18-01-2026;06:00:00;="541448820043562082";7FLO2121332318;Digitale meter;Afname;3,337;m³;Uitgelezen;;Hoofdverblijf
17-01-2026;06:00:00;18-01-2026;06:00:00;="541448820043562082";7FLO2121332318;Digitale meter;Afname;38,472;kWh;Uitgelezen;Definitief;Hoofdverblijf
18-01-2026;06:00:00;19-01-2026;06:00:00;="541448820043562082";7FLO2121332318;Digitale meter;Afname;5,411;m³;Uitgelezen;;Hoofdverblijf
18-01-2026;06:00:00;19-01-2026;06:00:00;="541448820043562082";7FLO2121332318;Digitale meter;Afname;62,382;kWh;Uitgelezen;Definitief;Hoofdverblijf
19-01-2026;06:00:00;20-01-2026;06:00:00;="541448820043562082";7FLO2121332318;Digitale meter;Afname;5,143;m³;Uitgelezen;;Hoofdverblijf
19-01-2026;06:00:00;20-01-2026;06:00:00;="541448820043562082";7FLO2121332318;Digitale meter;Afname;59,293;kWh;Uitgelezen;Definitief;Hoofdverblijf
20-01-2026;06:00:00;21-01-2026;06:00:00;="541448820043562082";7FLO2121332318;Digitale meter;Afname;4,803;m³;Uitgelezen;;Hoofdverblijf
20-01-2026;06:00:00;21-01-2026;06:00:00;="541448820043562082";7FLO2121332318;Digitale meter;Afname;55,373;kWh;Uitgelezen;Definitief;Hoofdverblijf
21-01-2026;06:00:00;22-01-2026;06:00:00;="541448820043562082";7FLO2121332318;Digitale meter;Afname;4,354;m³;Uitgelezen;;Hoofdverblijf
21-01-2026;06:00:00;22-01-2026;06:00:00;="541448820043562082";7FLO2121332318;Digitale meter;Afname;50,196;kWh;Uitgelezen;Definitief;Hoofdverblijf
22-01-2026;06:00:00;23-01-2026;06:00:00;="541448820043562082";7FLO2121332318;Digitale meter;Afname;3,577;m³;Uitgelezen;;Hoofdverblijf
22-01-2026;06:00:00;23-01-2026;06:00:00;="541448820043562082";7FLO2121332318;Digitale meter;Afname;41,239;kWh;Uitgelezen;Definitief;Hoofdverblijf
23-01-2026;06:00:00;24-01-2026;06:00:00;="541448820043562082";7FLO2121332318;Digitale meter;Afname;5,057;m³;Uitgelezen;;Hoofdverblijf
23-01-2026;06:00:00;24-01-2026;06:00:00;="541448820043562082";7FLO2121332318;Digitale meter;Afname;58,301;kWh;Uitgelezen;Definitief;Hoofdverblijf
24-01-2026;06:00:00;25-01-2026;06:00:00;="541448820043562082";7FLO2121332318;Digitale meter;Afname;3,768;m³;Uitgelezen;;Hoofdverblijf
24-01-2026;06:00:00;25-01-2026;06:00:00;="541448820043562082";7FLO2121332318;Digitale meter;Afname;43,441;kWh;Uitgelezen;Definitief;Hoofdverblijf
25-01-2026;06:00:00;26-01-2026;06:00:00;="541448820043562082";7FLO2121332318;Digitale meter;Afname;5,432;m³;Uitgelezen;;Hoofdverblijf
25-01-2026;06:00:00;26-01-2026;06:00:00;="541448820043562082";7FLO2121332318;Digitale meter;Afname;62,624;kWh;Uitgelezen;Definitief;Hoofdverblijf
26-01-2026;06:00:00;27-01-2026;06:00:00;="541448820043562082";7FLO2121332318;Digitale meter;Afname;5,426;m³;Uitgelezen;;Hoofdverblijf
26-01-2026;06:00:00;27-01-2026;06:00:00;="541448820043562082";7FLO2121332318;Digitale meter;Afname;62,555;kWh;Uitgelezen;Definitief;Hoofdverblijf
27-01-2026;06:00:00;28-01-2026;06:00:00;="541448820043562082";7FLO2121332318;Digitale meter;Afname;4,914;m³;Uitgelezen;;Hoofdverblijf
27-01-2026;06:00:00;28-01-2026;06:00:00;="541448820043562082";7FLO2121332318;Digitale meter;Afname;56,653;kWh;Uitgelezen;Definitief;Hoofdverblijf
28-01-2026;06:00:00;29-01-2026;06:00:00;="541448820043562082";7FLO2121332318;Digitale meter;Afname;3,861;m³;Uitgelezen;;Hoofdverblijf
28-01-2026;06:00:00;29-01-2026;06:00:00;="541448820043562082";7FLO2121332318;Digitale meter;Afname;44,513;kWh;Uitgelezen;Definitief;Hoofdverblijf
29-01-2026;06:00:00;30-01-2026;06:00:00;="541448820043562082";7FLO2121332318;Digitale meter;Afname;4,602;m³;Uitgelezen;;Hoofdverblijf
29-01-2026;06:00:00;30-01-2026;06:00:00;="541448820043562082";7FLO2121332318;Digitale meter;Afname;53,056;kWh;Uitgelezen;Definitief;Hoofdverblijf
30-01-2026;06:00:00;31-01-2026;06:00:00;="541448820043562082";7FLO2121332318;Digitale meter;Afname;4,968;m³;Uitgelezen;;Hoofdverblijf
30-01-2026;06:00:00;31-01-2026;06:00:00;="541448820043562082";7FLO2121332318;Digitale meter;Afname;57,275;kWh;Uitgelezen;Definitief;Hoofdverblijf
31-01-2026;06:00:00;01-02-2026;06:00:00;="541448820043562082";7FLO2121332318;Digitale meter;Afname;2,750;m³;Uitgelezen;;Hoofdverblijf
31-01-2026;06:00:00;01-02-2026;06:00:00;="541448820043562082";7FLO2121332318;Digitale meter;Afname;31,704;kWh;Uitgelezen;Definitief;Hoofdverblijf
01-02-2026;06:00:00;02-02-2026;06:00:00;="541448820043562082";7FLO2121332318;Digitale meter;Afname;3,806;m³;Uitgelezen;;Hoofdverblijf
01-02-2026;06:00:00;02-02-2026;06:00:00;="541448820043562082";7FLO2121332318;Digitale meter;Afname;43,572;kWh;Uitgelezen;Definitief;Hoofdverblijf
02-02-2026;06:00:00;03-02-2026;06:00:00;="541448820043562082";7FLO2121332318;Digitale meter;Afname;4,736;m³;Uitgelezen;;Hoofdverblijf
02-02-2026;06:00:00;03-02-2026;06:00:00;="541448820043562082";7FLO2121332318;Digitale meter;Afname;54,219;kWh;Uitgelezen;Definitief;Hoofdverblijf
03-02-2026;06:00:00;04-02-2026;06:00:00;="541448820043562082";7FLO2121332318;Digitale meter;Afname;3,703;m³;Uitgelezen;;Hoofdverblijf
03-02-2026;06:00:00;04-02-2026;06:00:00;="541448820043562082";7FLO2121332318;Digitale meter;Afname;42,393;kWh;Uitgelezen;Definitief;Hoofdverblijf
04-02-2026;06:00:00;05-02-2026;06:00:00;="541448820043562082";7FLO2121332318;Digitale meter;Afname;3,094;m³;Uitgelezen;;Hoofdverblijf
04-02-2026;06:00:00;05-02-2026;06:00:00;="541448820043562082";7FLO2121332318;Digitale meter;Afname;35,421;kWh;Uitgelezen;Definitief;Hoofdverblijf
05-02-2026;06:00:00;06-02-2026;06:00:00;="541448820043562082";7FLO2121332318;Digitale meter;Afname;3,796;m³;Uitgelezen;;Hoofdverblijf
05-02-2026;06:00:00;06-02-2026;06:00:00;="541448820043562082";7FLO2121332318;Digitale meter;Afname;43,458;kWh;Uitgelezen;Definitief;Hoofdverblijf
06-02-2026;06:00:00;07-02-2026;06:00:00;="541448820043562082";7FLO2121332318;Digitale meter;Afname;3,897;m³;Uitgelezen;;Hoofdverblijf
06-02-2026;06:00:00;07-02-2026;06:00:00;="541448820043562082";7FLO2121332318;Digitale meter;Afname;44,614;kWh;Uitgelezen;Definitief;Hoofdverblijf
07-02-2026;06:00:00;08-02-2026;06:00:00;="541448820043562082";7FLO2121332318;Digitale meter;Afname;2,637;m³;Uitgelezen;;Hoofdverblijf
07-02-2026;06:00:00;08-02-2026;06:00:00;="541448820043562082";7FLO2121332318;Digitale meter;Afname;30,189;kWh;Uitgelezen;Definitief;Hoofdverblijf
08-02-2026;06:00:00;09-02-2026;06:00:00;="541448820043562082";7FLO2121332318;Digitale meter;Afname;2,737;m³;Uitgelezen;;Hoofdverblijf
08-02-2026;06:00:00;09-02-2026;06:00:00;="541448820043562082";7FLO2121332318;Digitale meter;Afname;31,334;kWh;Uitgelezen;Definitief;Hoofdverblijf
09-02-2026;06:00:00;10-02-2026;06:00:00;="541448820043562082";7FLO2121332318;Digitale meter;Afname;4,504;m³;Uitgelezen;;Hoofdverblijf
09-02-2026;06:00:00;10-02-2026;06:00:00;="541448820043562082";7FLO2121332318;Digitale meter;Afname;51,563;kWh;Uitgelezen;Definitief;Hoofdverblijf
10-02-2026;06:00:00;11-02-2026;06:00:00;="541448820043562082";7FLO2121332318;Digitale meter;Afname;3,128;m³;Uitgelezen;;Hoofdverblijf
10-02-2026;06:00:00;11-02-2026;06:00:00;="541448820043562082";7FLO2121332318;Digitale meter;Afname;35,810;kWh;Uitgelezen;Definitief;Hoofdverblijf
11-02-2026;06:00:00;12-02-2026;06:00:00;="541448820043562082";7FLO2121332318;Digitale meter;Afname;3,009;m³;Uitgelezen;;Hoofdverblijf
11-02-2026;06:00:00;12-02-2026;06:00:00;="541448820043562082";7FLO2121332318;Digitale meter;Afname;34,448;kWh;Uitgelezen;Definitief;Hoofdverblijf
12-02-2026;06:00:00;13-02-2026;06:00:00;="541448820043562082";7FLO2121332318;Digitale meter;Afname;2,597;m³;Uitgelezen;;Hoofdverblijf
12-02-2026;06:00:00;13-02-2026;06:00:00;="541448820043562082";7FLO2121332318;Digitale meter;Afname;29,731;kWh;Uitgelezen;Definitief;Hoofdverblijf
13-02-2026;06:00:00;14-02-2026;06:00:00;="541448820043562082";7FLO2121332318;Digitale meter;Afname;4,375;m³;Uitgelezen;;Hoofdverblijf
13-02-2026;06:00:00;14-02-2026;06:00:00;="541448820043562082";7FLO2121332318;Digitale meter;Afname;50,086;kWh;Uitgelezen;Definitief;Hoofdverblijf
14-02-2026;06:00:00;15-02-2026;06:00:00;="541448820043562082";7FLO2121332318;Digitale meter;Afname;4,969;m³;Uitgelezen;;Hoofdverblijf
14-02-2026;06:00:00;15-02-2026;06:00:00;="541448820043562082";7FLO2121332318;Digitale meter;Afname;56,887;kWh;Uitgelezen;Definitief;Hoofdverblijf
15-02-2026;06:00:00;16-02-2026;06:00:00;="541448820043562082";7FLO2121332318;Digitale meter;Afname;6,187;m³;Uitgelezen;;Hoofdverblijf
15-02-2026;06:00:00;16-02-2026;06:00:00;="541448820043562082";7FLO2121332318;Digitale meter;Afname;70,831;kWh;Uitgelezen;Definitief;Hoofdverblijf
16-02-2026;06:00:00;17-02-2026;06:00:00;="541448820043562082";7FLO2121332318;Digitale meter;Afname;3,148;m³;Uitgelezen;;Hoofdverblijf
16-02-2026;06:00:00;17-02-2026;06:00:00;="541448820043562082";7FLO2121332318;Digitale meter;Afname;36,039;kWh;Uitgelezen;Definitief;Hoofdverblijf
17-02-2026;06:00:00;18-02-2026;06:00:00;="541448820043562082";7FLO2121332318;Digitale meter;Afname;3,194;m³;Uitgelezen;;Hoofdverblijf
17-02-2026;06:00:00;18-02-2026;06:00:00;="541448820043562082";7FLO2121332318;Digitale meter;Afname;36,566;kWh;Uitgelezen;Definitief;Hoofdverblijf
18-02-2026;06:00:00;19-02-2026;06:00:00;="541448820043562082";7FLO2121332318;Digitale meter;Afname;2,850;m³;Uitgelezen;;Hoofdverblijf
18-02-2026;06:00:00;19-02-2026;06:00:00;="541448820043562082";7FLO2121332318;Digitale meter;Afname;32,628;kWh;Uitgelezen;Definitief;Hoofdverblijf
19-02-2026;06:00:00;20-02-2026;06:00:00;="541448820043562082";7FLO2121332318;Digitale meter;Afname;3,964;m³;Uitgelezen;;Hoofdverblijf
19-02-2026;06:00:00;20-02-2026;06:00:00;="541448820043562082";7FLO2121332318;Digitale meter;Afname;45,381;kWh;Uitgelezen;Definitief;Hoofdverblijf
20-02-2026;06:00:00;21-02-2026;06:00:00;="541448820043562082";7FLO2121332318;Digitale meter;Afname;4,186;m³;Uitgelezen;;Hoofdverblijf
20-02-2026;06:00:00;21-02-2026;06:00:00;="541448820043562082";7FLO2121332318;Digitale meter;Afname;47,923;kWh;Uitgelezen;Definitief;Hoofdverblijf
21-02-2026;06:00:00;22-02-2026;06:00:00;="541448820043562082";7FLO2121332318;Digitale meter;Afname;2,582;m³;Uitgelezen;;Hoofdverblijf
21-02-2026;06:00:00;22-02-2026;06:00:00;="541448820043562082";7FLO2121332318;Digitale meter;Afname;29,560;kWh;Uitgelezen;Definitief;Hoofdverblijf
22-02-2026;06:00:00;23-02-2026;06:00:00;="541448820043562082";7FLO2121332318;Digitale meter;Afname;2,540;m³;Uitgelezen;;Hoofdverblijf
22-02-2026;06:00:00;23-02-2026;06:00:00;="541448820043562082";7FLO2121332318;Digitale meter;Afname;29,079;kWh;Uitgelezen;Definitief;Hoofdverblijf
23-02-2026;06:00:00;24-02-2026;06:00:00;="541448820043562082";7FLO2121332318;Digitale meter;Afname;1,925;m³;Uitgelezen;;Hoofdverblijf
23-02-2026;06:00:00;24-02-2026;06:00:00;="541448820043562082";7FLO2121332318;Digitale meter;Afname;22,038;kWh;Uitgelezen;Definitief;Hoofdverblijf
24-02-2026;06:00:00;25-02-2026;06:00:00;="541448820043562082";7FLO2121332318;Digitale meter;Afname;1,816;m³;Uitgelezen;;Hoofdverblijf
24-02-2026;06:00:00;25-02-2026;06:00:00;="541448820043562082";7FLO2121332318;Digitale meter;Afname;20,790;kWh;Uitgelezen;Definitief;Hoofdverblijf
25-02-2026;06:00:00;26-02-2026;06:00:00;="541448820043562082";7FLO2121332318;Digitale meter;Afname;0,691;m³;Uitgelezen;;Hoofdverblijf
25-02-2026;06:00:00;26-02-2026;06:00:00;="541448820043562082";7FLO2121332318;Digitale meter;Afname;7,911;kWh;Uitgelezen;Definitief;Hoofdverblijf
26-02-2026;06:00:00;27-02-2026;06:00:00;="541448820043562082";7FLO2121332318;Digitale meter;Afname;0,393;m³;Uitgelezen;;Hoofdverblijf
26-02-2026;06:00:00;27-02-2026;06:00:00;="541448820043562082";7FLO2121332318;Digitale meter;Afname;4,499;kWh;Uitgelezen;Definitief;Hoofdverblijf
27-02-2026;06:00:00;28-02-2026;06:00:00;="541448820043562082";7FLO2121332318;Digitale meter;Afname;2,041;m³;Uitgelezen;;Hoofdverblijf
27-02-2026;06:00:00;28-02-2026;06:00:00;="541448820043562082";7FLO2121332318;Digitale meter;Afname;23,366;kWh;Uitgelezen;Definitief;Hoofdverblijf
28-02-2026;06:00:00;01-03-2026;06:00:00;="541448820043562082";7FLO2121332318;Digitale meter;Afname;3,169;m³;Uitgelezen;;Hoofdverblijf
28-02-2026;06:00:00;01-03-2026;06:00:00;="541448820043562082";7FLO2121332318;Digitale meter;Afname;36,280;kWh;Uitgelezen;Definitief;Hoofdverblijf
01-03-2026;06:00:00;02-03-2026;06:00:00;="541448820043562082";7FLO2121332318;Digitale meter;Afname;1,860;m³;Uitgelezen;;Hoofdverblijf
01-03-2026;06:00:00;02-03-2026;06:00:00;="541448820043562082";7FLO2121332318;Digitale meter;Afname;21,396;kWh;Uitgelezen;Definitief;Hoofdverblijf
02-03-2026;06:00:00;03-03-2026;06:00:00;="541448820043562082";7FLO2121332318;Digitale meter;Afname;0,907;m³;Uitgelezen;;Hoofdverblijf
02-03-2026;06:00:00;03-03-2026;06:00:00;="541448820043562082";7FLO2121332318;Digitale meter;Afname;10,433;kWh;Uitgelezen;Definitief;Hoofdverblijf
03-03-2026;06:00:00;04-03-2026;06:00:00;="541448820043562082";7FLO2121332318;Digitale meter;Afname;0,939;m³;Uitgelezen;;Hoofdverblijf
03-03-2026;06:00:00;04-03-2026;06:00:00;="541448820043562082";7FLO2121332318;Digitale meter;Afname;10,801;kWh;Uitgelezen;Definitief;Hoofdverblijf
04-03-2026;06:00:00;05-03-2026;06:00:00;="541448820043562082";7FLO2121332318;Digitale meter;Afname;1,180;m³;Uitgelezen;;Hoofdverblijf
04-03-2026;06:00:00;05-03-2026;06:00:00;="541448820043562082";7FLO2121332318;Digitale meter;Afname;13,574;kWh;Uitgelezen;Definitief;Hoofdverblijf
05-03-2026;06:00:00;06-03-2026;06:00:00;="541448820043562082";7FLO2121332318;Digitale meter;Afname;0,596;m³;Uitgelezen;;Hoofdverblijf
05-03-2026;06:00:00;06-03-2026;06:00:00;="541448820043562082";7FLO2121332318;Digitale meter;Afname;6,856;kWh;Uitgelezen;Definitief;Hoofdverblijf
06-03-2026;06:00:00;07-03-2026;06:00:00;="541448820043562082";7FLO2121332318;Digitale meter;Afname;0,625;m³;Uitgelezen;;Hoofdverblijf
06-03-2026;06:00:00;07-03-2026;06:00:00;="541448820043562082";7FLO2121332318;Digitale meter;Afname;7,189;kWh;Uitgelezen;Definitief;Hoofdverblijf
07-03-2026;06:00:00;08-03-2026;06:00:00;="541448820043562082";7FLO2121332318;Digitale meter;Afname;0,581;m³;Uitgelezen;;Hoofdverblijf
07-03-2026;06:00:00;08-03-2026;06:00:00;="541448820043562082";7FLO2121332318;Digitale meter;Afname;6,683;kWh;Uitgelezen;Definitief;Hoofdverblijf
08-03-2026;06:00:00;09-03-2026;06:00:00;="541448820043562082";7FLO2121332318;Digitale meter;Afname;1,616;m³;Uitgelezen;;Hoofdverblijf
08-03-2026;06:00:00;09-03-2026;06:00:00;="541448820043562082";7FLO2121332318;Digitale meter;Afname;18,589;kWh;Uitgelezen;Definitief;Hoofdverblijf
09-03-2026;06:00:00;10-03-2026;06:00:00;="541448820043562082";7FLO2121332318;Digitale meter;Afname;1,873;m³;Uitgelezen;;Hoofdverblijf
09-03-2026;06:00:00;10-03-2026;06:00:00;="541448820043562082";7FLO2121332318;Digitale meter;Afname;21,545;kWh;Uitgelezen;Definitief;Hoofdverblijf
10-03-2026;06:00:00;11-03-2026;06:00:00;="541448820043562082";7FLO2121332318;Digitale meter;Afname;1,027;m³;Uitgelezen;;Hoofdverblijf
10-03-2026;06:00:00;11-03-2026;06:00:00;="541448820043562082";7FLO2121332318;Digitale meter;Afname;11,814;kWh;Uitgelezen;Definitief;Hoofdverblijf
11-03-2026;06:00:00;12-03-2026;06:00:00;="541448820043562082";7FLO2121332318;Digitale meter;Afname;2,023;m³;Uitgelezen;;Hoofdverblijf
11-03-2026;06:00:00;12-03-2026;06:00:00;="541448820043562082";7FLO2121332318;Digitale meter;Afname;23,271;kWh;Uitgelezen;Definitief;Hoofdverblijf
12-03-2026;06:00:00;13-03-2026;06:00:00;="541448820043562082";7FLO2121332318;Digitale meter;Afname;1,663;m³;Uitgelezen;;Hoofdverblijf
12-03-2026;06:00:00;13-03-2026;06:00:00;="541448820043562082";7FLO2121332318;Digitale meter;Afname;19,129;kWh;Uitgelezen;Definitief;Hoofdverblijf
13-03-2026;06:00:00;14-03-2026;06:00:00;="541448820043562082";7FLO2121332318;Digitale meter;Afname;3,011;m³;Uitgelezen;;Hoofdverblijf
13-03-2026;06:00:00;14-03-2026;06:00:00;="541448820043562082";7FLO2121332318;Digitale meter;Afname;34,635;kWh;Uitgelezen;Definitief;Hoofdverblijf
14-03-2026;06:00:00;15-03-2026;06:00:00;="541448820043562082";7FLO2121332318;Digitale meter;Afname;1,538;m³;Uitgelezen;;Hoofdverblijf
14-03-2026;06:00:00;15-03-2026;06:00:00;="541448820043562082";7FLO2121332318;Digitale meter;Afname;17,692;kWh;Uitgelezen;Definitief;Hoofdverblijf
15-03-2026;06:00:00;16-03-2026;06:00:00;="541448820043562082";7FLO2121332318;Digitale meter;Afname;0,145;m³;Uitgelezen;;Hoofdverblijf
15-03-2026;06:00:00;16-03-2026;06:00:00;="541448820043562082";7FLO2121332318;Digitale meter;Afname;1,668;kWh;Uitgelezen;Definitief;Hoofdverblijf
16-03-2026;06:00:00;17-03-2026;06:00:00;="541448820043562082";7FLO2121332318;Digitale meter;Afname;2,913;m³;Uitgelezen;;Hoofdverblijf
16-03-2026;06:00:00;17-03-2026;06:00:00;="541448820043562082";7FLO2121332318;Digitale meter;Afname;33,508;kWh;Uitgelezen;Definitief;Hoofdverblijf
17-03-2026;06:00:00;18-03-2026;06:00:00;="541448820043562082";7FLO2121332318;Digitale meter;Afname;1,158;m³;Uitgelezen;;Hoofdverblijf
17-03-2026;06:00:00;18-03-2026;06:00:00;="541448820043562082";7FLO2121332318;Digitale meter;Afname;13,320;kWh;Uitgelezen;Definitief;Hoofdverblijf
18-03-2026;06:00:00;19-03-2026;06:00:00;="541448820043562082";7FLO2121332318;Digitale meter;Afname;0,667;m³;Uitgelezen;;Hoofdverblijf
18-03-2026;06:00:00;19-03-2026;06:00:00;="541448820043562082";7FLO2121332318;Digitale meter;Afname;7,672;kWh;Uitgelezen;Definitief;Hoofdverblijf
19-03-2026;06:00:00;20-03-2026;06:00:00;="541448820043562082";7FLO2121332318;Digitale meter;Afname;0,541;m³;Uitgelezen;;Hoofdverblijf
19-03-2026;06:00:00;20-03-2026;06:00:00;="541448820043562082";7FLO2121332318;Digitale meter;Afname;6,223;kWh;Uitgelezen;Definitief;Hoofdverblijf
20-03-2026;06:00:00;21-03-2026;06:00:00;="541448820043562082";7FLO2121332318;Digitale meter;Afname;0,417;m³;Uitgelezen;;Hoofdverblijf
20-03-2026;06:00:00;21-03-2026;06:00:00;="541448820043562082";7FLO2121332318;Digitale meter;Afname;4,797;kWh;Uitgelezen;Definitief;Hoofdverblijf
21-03-2026;06:00:00;22-03-2026;06:00:00;="541448820043562082";7FLO2121332318;Digitale meter;Afname;0,462;m³;Uitgelezen;;Hoofdverblijf
21-03-2026;06:00:00;22-03-2026;06:00:00;="541448820043562082";7FLO2121332318;Digitale meter;Afname;5,314;kWh;Uitgelezen;Definitief;Hoofdverblijf
22-03-2026;06:00:00;23-03-2026;06:00:00;="541448820043562082";7FLO2121332318;Digitale meter;Afname;0,488;m³;Uitgelezen;;Hoofdverblijf
22-03-2026;06:00:00;23-03-2026;06:00:00;="541448820043562082";7FLO2121332318;Digitale meter;Afname;5,613;kWh;Uitgelezen;Definitief;Hoofdverblijf
23-03-2026;06:00:00;24-03-2026;06:00:00;="541448820043562082";7FLO2121332318;Digitale meter;Afname;0,843;m³;Uitgelezen;;Hoofdverblijf
23-03-2026;06:00:00;24-03-2026;06:00:00;="541448820043562082";7FLO2121332318;Digitale meter;Afname;9,697;kWh;Uitgelezen;Definitief;Hoofdverblijf
24-03-2026;06:00:00;25-03-2026;06:00:00;="541448820043562082";7FLO2121332318;Digitale meter;Afname;0,529;m³;Uitgelezen;;Hoofdverblijf
24-03-2026;06:00:00;25-03-2026;06:00:00;="541448820043562082";7FLO2121332318;Digitale meter;Afname;6,085;kWh;Uitgelezen;Definitief;Hoofdverblijf
25-03-2026;06:00:00;26-03-2026;06:00:00;="541448820043562082";7FLO2121332318;Digitale meter;Afname;0,473;m³;Uitgelezen;;Hoofdverblijf
25-03-2026;06:00:00;26-03-2026;06:00:00;="541448820043562082";7FLO2121332318;Digitale meter;Afname;5,441;kWh;Uitgelezen;Definitief;Hoofdverblijf
26-03-2026;06:00:00;27-03-2026;06:00:00;="541448820043562082";7FLO2121332318;Digitale meter;Afname;1,895;m³;Uitgelezen;;Hoofdverblijf
26-03-2026;06:00:00;27-03-2026;06:00:00;="541448820043562082";7FLO2121332318;Digitale meter;Afname;21,798;kWh;Uitgelezen;Definitief;Hoofdverblijf
27-03-2026;06:00:00;28-03-2026;06:00:00;="541448820043562082";7FLO2121332318;Digitale meter;Afname;3,861;m³;Uitgelezen;;Hoofdverblijf
27-03-2026;06:00:00;28-03-2026;06:00:00;="541448820043562082";7FLO2121332318;Digitale meter;Afname;44,413;kWh;Uitgelezen;Definitief;Hoofdverblijf
28-03-2026;06:00:00;29-03-2026;07:00:00;="541448820043562082";7FLO2121332318;Digitale meter;Afname;2,568;m³;Uitgelezen;;Hoofdverblijf
28-03-2026;06:00:00;29-03-2026;07:00:00;="541448820043562082";7FLO2121332318;Digitale meter;Afname;29,540;kWh;Uitgelezen;Definitief;Hoofdverblijf
29-03-2026;06:00:00;30-03-2026;06:00:00;="541448820043562082";7FLO2121332318;Digitale meter;Afname;;m³;Geen verbruik;;Hoofdverblijf
29-03-2026;06:00:00;30-03-2026;06:00:00;="541448820043562082";7FLO2121332318;Digitale meter;Afname;;kWh;Geen verbruik;;Hoofdverblijf
30-03-2026;06:00:00;31-03-2026;06:00:00;="541448820043562082";7FLO2121332318;Digitale meter;Afname;;m³;Geen verbruik;;Hoofdverblijf
30-03-2026;06:00:00;31-03-2026;06:00:00;="541448820043562082";7FLO2121332318;Digitale meter;Afname;;kWh;Geen verbruik;;Hoofdverblijf
